exp3,exp2,exp1,freq3,freq2,freq1,freq0
45.4,0,0,1,0,0,0
79.6,9.8,0,2,2,0,3
0,0,0,0,0,0,0
0,0,0,0,0,0,0
2.1,0,0,1,0,0,2
65.1,2.4,0,3,6,0,0
0,22.9,0,0,1,0,0
43.5,66.2,0,1,1,0,0
0,0,0,0,0,0,0
17.5,5.5,5.8,1,2,1,1
0,0,0,0,0,0,0
0,0,0,0,0,0,0
0,5.8,78.7,0,3,2,0
0,74.3,0,0,2,0,1
14.4,0,17,2,0,1,1
0,0,23.6,0,0,1,0
3.5,0,0,1,0,0,0
2.5,27.9,0,1,2,0,0
0,0,0,0,0,0,0
0,0,0,0,0,0,0
11.6,0,0,2,0,0,0
29.1,7.5,22.6,2,3,2,1
0,0,0,0,0,0,0
0,40.2,0,0,1,0,0
49.7,5,2.4,3,1,2,1
0,0,45.5,0,0,1,0
0,0,36.1,0,0,1,0
65.7,6.8,0.3,3,2,2,1
7.5,0,0,1,0,0,0
1.4,0,0,1,0,0,0
0,0,28.6,0,0,1,0
58.8,37.1,21.7,5,6,5,2
0,0,0,0,0,0,0
54.6,0,0,1,0,0,0
0,22.3,0,0,1,0,0
18.5,28.2,0,1,1,0,0
10,42.5,32.1,1,2,1,1
1.7,0,0,1,0,0,0
0,0.1,0.7,0,1,2,0
12.9,0,0,2,0,0,0
16,1.2,0,3,2,0,0
0,0,0,0,0,0,0
0,0,0,0,0,0,0
28.1,8.4,21.7,2,2,1,1
0,0,79.1,0,0,2,0
0,2.1,3,0,2,2,0
0,0,0,0,0,0,0
10.5,5.7,0,1,2,0,0
0,0,23.9,0,0,1,0
0,0,0,0,0,0,0
0,15.8,0,0,1,0,0
14.2,29.2,21.4,4,2,1,0
25.5,0.8,0,3,8,0,4
0,0,0,0,0,0,0
11,0,0,1,0,0,0
0,0,0,0,0,0,0
0,0,0,0,0,0,0
0,0,0,0,0,0,0
0,0,0,0,0,0,0
0,0,0,0,0,0,0
0,1.1,0,0,1,0,0
63.4,6,4.9,1,5,6,1
0,0,0,0,0,0,0
0,24.2,21.1,0,1,1,2
36.9,0,27.2,1,0,2,1
13.8,2.6,13,2,1,1,0
0,7.5,0,0,1,0,0
0,0,0,0,0,0,0
0,2.6,0,0,1,0,0
0,0,2.1,0,0,1,0
0,0,0,0,0,0,0
0,0,11.3,0,0,1,3
0,0,0,0,0,0,0
13.1,0,44.1,2,0,1,0
0,3.7,0,0,4,0,0
0,9.1,0,0,1,0,0
0,0,0,0,0,0,0
0,0,0,0,0,0,0
0,0,21.4,0,0,1,0
0,0,0,0,0,0,0
3.2,5.3,0,1,1,0,1
0,0,6.5,0,0,1,0
0,0,0,0,0,0,0
85.6,19.9,0,1,1,0,2
0,0,0,0,0,0,0
0,6.5,0,0,2,0,0
0,0,0,0,0,0,0
0,0,0,0,0,0,0
68.2,3.2,24.3,1,1,2,1
0,0,0,0,0,0,0
0,12,0,0,1,0,0
22,0,0,1,0,0,0
0,0,3.8,0,0,1,0
0,0,0,0,0,0,0
0,8.6,31,0,1,1,2
0,0,0,0,0,0,0
14.2,42.6,0,1,1,0,0
0,0,0,0,0,0,0
3.8,7.9,0,1,1,0,0
11.9,36.1,0,1,1,0,0
6.6,12.1,0,1,1,0,0
0,0,0,0,0,0,0
2.8,0,0,1,0,0,0
0,19.5,5.5,0,1,1,0
0,0,28.8,0,0,1,0
0,0,0,0,0,0,0
23.2,13.9,10,1,3,2,0
0,0,0,0,0,0,0
83.3,20.9,4.6,3,6,7,3
0,0,0,0,0,0,0
0,0,0,0,0,0,0
0,0,24.7,0,0,1,1
35.1,3.9,54.2,1,3,1,1
0,0,0,0,0,0,0
26.2,10.9,8.2,1,2,2,1
49.7,19.8,0,1,2,0,0
0,0,0,0,0,0,0
0,0,0,0,0,0,0
0,6.4,0,0,1,0,0
4.1,98.2,0,1,3,0,0
0,39.1,0,0,1,0,1
2.3,0,0,1,0,0,1
0,0,0,0,0,0,0
0,0,0,0,0,0,0
0,0,11.5,0,0,2,0
0,0,0,0,0,0,0
13.8,10.8,0,4,2,0,0
0,0,0,0,0,0,0
0,0,0,0,0,0,0
0,0,0,0,0,0,0
0,0,0,0,0,0,0
17.4,17.4,0,1,1,0,0
0,0,0,0,0,0,0
21.1,0,5.7,1,0,1,0
0,0,0,0,0,0,0
3,0,0,2,0,0,0
0,42.5,0,0,1,0,0
0,0,0,0,0,0,0
0,0,33.9,0,0,1,0
0,0,0,0,0,0,2
0,0,0,0,0,0,0
16.2,8,18.3,4,3,1,2
39,2.6,0.5,1,4,2,1
0,0,0,0,0,0,0
0,0,0,0,0,0,0
0,0,0,0,0,0,0
0,0,0,0,0,0,0
5.2,13.3,0,4,6,0,6
17.8,0,0,1,0,0,0
0,0,0,0,0,0,0
0,0,0,0,0,0,0
0,0,0,0,0,0,0
0,0,0,0,0,0,0
2.7,34.7,0,4,2,0,2
0,0,0,0,0,0,0
0.9,0,0,1,0,0,0
0,0,0,0,0,0,0
0,0,1.5,0,0,1,2
0,26.2,8.6,0,3,3,3
13.6,5.3,26.1,8,4,1,2
0,11.3,0.7,0,1,1,1
0,0,0,0,0,0,1
0,3.3,0,0,1,0,2
0,0,66.7,0,0,1,0
0,0,0,0,0,0,0
0,0,0,0,0,0,0
0,0,0,0,0,0,0
0,0,0,0,0,0,0
0,0,0,0,0,0,0
0,0,38.9,0,0,2,1
0,5.4,0,0,2,0,0
0,0,0,0,0,0,0
0,0,51.1,0,0,1,0
0,0,0,0,0,0,0
0,2.5,0,0,1,0,0
0,28.9,5,0,2,1,0
50.5,55.3,0,3,2,0,0
0,0,0,0,0,0,0
0,0,0,0,0,0,1
37.5,12.1,8,3,2,3,1
23.9,7.6,3.7,2,2,1,0
0,0,52.8,0,0,1,0
0,34.8,6.5,0,1,1,2
0,0,0,0,0,0,0
43.5,14.7,0,1,2,0,1
0,0,0,0,0,0,0
0,0,0,0,0,0,0
11.6,4.7,36.4,1,3,1,1
11,10.5,0,2,1,0,0
0,0,0,0,0,0,0
0,0,0,0,0,0,0
0,5.5,0,0,1,0,0
0,0,0.1,0,0,1,0
0,0,0,0,0,0,0
0,0,0,0,0,0,0
18.9,0,0,1,0,0,0
54.6,65.8,1.6,5,5,3,2
0,0,0,0,0,0,0
0,0,7.2,0,0,1,0
0,0,0,0,0,0,0
0,0,0,0,0,0,0
0,0,0,0,0,0,0
0,0,0,0,0,0,0
29.9,0,2,1,0,1,0
0,0,0,0,0,0,0
40.2,0,0,2,0,0,0
0,0,0,0,0,0,0
0,9,0,0,1,0,0
0,0,0,0,0,0,0
20.1,0,17.8,2,0,1,0
0,0,0,0,0,0,0
0,0,0,0,0,0,0
12.8,87.6,0,2,2,0,0
0,0,0,0,0,0,0
0,0,0,0,0,0,0
0,0,0,0,0,0,0
0,0,0,0,0,0,0
0,0,0,0,0,0,0
0,40.9,13.9,0,2,3,1
0,0,0,0,0,0,0
34.7,5.7,0,1,2,0,1
8.6,20.9,0,5,1,0,1
0,0,0,0,0,0,0
0,20.8,1.4,0,1,1,0
0,22.4,12.7,0,1,2,0
0,0,0,0,0,0,0
28.8,2.7,0,2,2,0,0
0,0,0,0,0,0,0
1,0,0,1,0,0,0
24,2.6,8.2,6,2,1,2
10.4,0,0,1,0,0,3
33.5,0,0,1,0,0,0
25.2,0,0,1,0,0,0
6,46.8,0,1,2,0,0
0,25,66.4,0,1,2,2
0,0,0,0,0,0,0
0,0,0,0,0,0,0
0,0,0,0,0,0,0
0,0.9,0,0,1,0,0
0,0,0,0,0,0,0
0,0,0,0,0,0,0
0,0,0.5,0,0,1,0
0,0,0,0,0,0,0
0,0,0,0,0,0,0
0,0,0,0,0,0,0
0,0,0,0,0,0,0
39.8,3.5,20.4,1,2,3,1
0,0,0,0,0,0,1
0,0,0,0,0,0,0
0,0,0,0,0,0,0
72.4,14.1,3.5,2,2,2,2
35.3,4.2,7.2,3,5,1,4
54.4,42.3,0,2,3,0,0
0,0,0,0,0,0,0
0,0.6,0,0,2,0,0
0,1.6,0,0,1,0,1
0,0,0,0,0,0,0
0,0,0,0,0,0,0
0,0,0,0,0,0,0
0,0,0,0,0,0,0
0,0,0,0,0,0,0
0,0,0,0,0,0,0
0,0,0,0,0,0,0
0,0,0,0,0,0,0
0,0,0,0,0,0,0
0,0,0,0,0,0,0
0,0,0,0,0,0,0
14.5,1.5,0,2,1,0,0
0,0,0,0,0,0,0
0,0,0,0,0,0,0
70.3,21.2,76.5,1,1,2,0
21.1,0,0,3,0,0,0
1.2,0,0,1,0,0,0
0,0,0,0,0,0,0
0,0,0,0,0,0,0
70.3,3.9,2.1,1,2,2,1
0,0,0,0,0,0,0
0,0,0,0,0,0,0
0,0,3.7,0,0,3,2
0,0,0,0,0,0,0
13,9.7,0,2,1,0,0
0,0,0,0,0,0,0
66,104.6,6.5,3,1,2,0
0,0,0,0,0,0,0
47.4,16,30.8,1,2,4,3
22.8,2.2,16.9,4,7,1,7
15,19.8,7,1,1,1,0
5.3,3.1,0,7,3,0,1
0,0,0,0,0,0,0
0,0,0,0,0,0,0
0,0,0,0,0,0,0
7.3,32.2,0,2,8,0,0
0,0,0,0,0,0,0
20.2,31.8,0,1,3,0,0
0,0,0,0,0,0,0
0,0,0,0,0,0,0
0,18.1,0,0,1,0,0
55.2,9.5,23.6,3,3,4,2
0,0,0,0,0,0,0
0,0,0,0,0,0,0
0,12.5,0,0,2,0,0
0,0,0,0,0,0,0
0,0,0,0,0,0,0
67,0,0,3,0,0,0
0,0,0,0,0,0,0
10.3,0,13,1,2,1,2
0,0,0,0,0,0,0
2.7,0,0,3,0,0,0
0,0,0,0,0,0,0
0,0,0,0,0,0,0
56.5,31.6,8.7,4,10,3,2
0,0,0,0,0,0,0
0,0,0,0,0,0,0
0,0,0,0,0,0,0
0,0,0,0,0,0,0
0,0,0,0,0,0,0
0,0,0,0,0,0,0
0,0,0,0,0,0,0
0,0,0,0,0,0,0
0,0,0,0,0,0,0
0,0,0,0,0,0,0
37.3,0,0,1,0,0,0
31,0,11.5,1,0,2,0
0,0,3.1,0,0,1,0
40.7,0,34.2,5,0,2,0
20.2,0,0,1,0,0,2
0,1.2,0,0,1,0,0
0,0,0,0,0,0,0
0,0,0,0,0,0,0
0,0,21.2,0,0,1,0
0,0,0,0,0,0,0
0,0,0,0,0,0,0
181,7.1,1.2,7,12,12,7
0,16.5,0,0,6,0,1
61.9,17.4,24.7,4,2,3,0
35.8,14.3,2.3,2,3,3,1
40.4,14.4,31,4,2,3,2
0,0,0,0,0,0,0
29.3,11.4,25.6,1,1,2,1
11.8,18.1,0,4,3,0,2
42,21.3,2.6,4,3,3,2
0,0.9,24.9,0,1,1,0
63.4,4.6,65.8,6,4,6,1
103.5,22.8,11.5,1,2,1,1
60.9,8.9,14.8,7,2,5,1
0,0,0,0,0,0,0
7.5,0,0,1,0,0,0
92.2,86.3,23.4,8,9,9,6
0,0,0,0,0,0,0
28.6,109.6,19.7,1,3,2,4
0,31.9,13.2,0,2,1,0
0,0,0,0,0,0,1
0,0,0,0,0,0,0
73.6,0.4,7,9,10,7,6
42.6,0,0,1,0,0,0
0,5,0,0,2,0,0
40.6,20.8,8.7,2,5,1,1
0,0,0,0,0,0,0
75,5.4,23.2,2,3,5,2
72.5,8.8,126.9,7,5,6,5
28.1,0,0,1,0,0,0
0,29.2,8.6,0,2,1,0
0,0,0,0,0,0,0
64.6,9.3,9.7,1,2,2,2
0,0,0,0,0,0,0
39.7,8,1.1,3,3,1,2
0,0,0,0,0,0,0
0,0,0,0,0,0,1
0,0,0,0,0,0,0
20.8,37.3,6.7,2,2,2,2
1.5,24.7,0,2,1,0,0
43.5,0,10.1,2,0,1,1
5.2,0,0,1,0,0,0
36.3,6,0.2,2,2,3,3
0,0,0,0,0,0,0
72.3,18.2,11.5,4,6,5,1
111.3,23.5,34.4,4,3,2,1
0,0,0,0,0,0,0
10.2,0,0,1,0,0,0
0,0,0,0,0,0,0
0,0,0,0,0,0,0
52.2,17.7,25.7,1,3,2,1
0,0,0,0,0,0,0
0,9.2,22.2,0,1,6,1
112.6,23.1,45.6,5,5,5,5
0,17.6,0.9,0,3,2,0
37.7,0,5.2,1,0,2,1
71.2,2.1,2.2,1,1,1,0
28.1,3,0,1,1,0,2
30.4,0,63.7,1,0,1,0
65.6,16.3,12.8,7,3,3,7
0,0,0,0,0,0,0
0,0,0,0,0,0,2
0,28.9,0,0,2,0,1
20.4,0,0,4,0,0,0
17.7,17.2,56.9,1,1,1,0
19.3,35.8,0,5,2,0,3
0,0,0,0,0,0,0
6.6,0,0,1,0,0,0
33,9.8,1.6,4,7,1,3
34.7,30.9,0,2,3,0,0
45.9,32.3,6.1,5,11,4,0
0,0,0,0,0,0,0
59.7,0.3,21.4,2,2,2,1
40.1,12.2,70.1,3,2,3,3
23.9,12.2,50.5,2,8,2,3
0,105.1,0,0,1,0,0
0,6.9,0,0,2,0,1
43.3,0.9,3.1,1,4,2,1
66.1,0,0.2,3,0,3,1
0,0,0,0,0,0,0
41.6,0,4.1,3,0,1,2
0,0,0,0,0,0,0
47.4,5.9,15.1,2,3,2,1
33.8,10.2,0,1,2,0,0
0,0,23.1,0,0,1,0
38.6,8.2,0,1,1,0,1
93.6,0,0.5,2,0,2,1
54.9,37.4,11.4,10,9,5,5
12.6,0,9.3,5,0,1,1
62.3,50.4,0,4,5,3,1
41.7,13.4,25.5,1,2,2,0
0,9.3,29.9,0,3,3,1
0,13.4,0,0,3,0,0
79.3,0,0,5,0,0,2
0,0,0,0,0,0,0
34.3,11.4,20.1,4,3,3,3
6,0.5,0,2,3,0,1
42.1,21.6,4.1,5,3,3,3
56.1,43.5,10.5,1,7,5,5
14.5,16.5,0,2,4,0,0
19.9,25.3,12.6,5,6,1,1
0,0,98.5,0,0,1,0
62.4,10.2,0,1,7,0,0
23.5,21.1,0,3,2,0,0
0,0,0,0,0,0,0
32.6,15.8,17.9,3,3,3,2
0,0.9,21.9,0,1,1,0
0,0,0,0,0,0,0
0,0,0,0,0,0,0
0,0,0,0,0,0,0
0,5.2,0,0,1,0,1
25.8,1.2,2.3,1,3,1,0
58.1,12.9,7.8,6,6,4,1
0,9.4,0,0,2,0,0
19.8,6.9,0,1,1,0,1
0,0,6.1,0,0,1,0
0,0,31.9,0,0,1,0
0.3,1.2,0,2,2,0,0
13.3,32.3,0,2,1,0,0
0,0,0,0,0,0,0
0,8.3,0,0,1,0,2
0,0,0.1,0,0,2,1
0,0,0,0,0,0,0
0,0,12.6,0,0,1,0
24.7,0,11.1,1,0,1,0
17.2,14.3,0,3,3,0,0
44.9,2.2,0,3,3,0,0
0.3,9.7,0,1,2,0,0
17.6,60.7,9.4,6,6,1,1
43.1,39.4,50.1,3,5,4,2
57.1,0,0,1,0,0,0
8.2,23.5,0,1,2,0,0
0,0,0,0,0,0,0
2,0,0,2,0,0,0
13.1,12.9,77.3,1,2,1,4
46.9,28.9,12.8,3,2,3,2
2.1,0,0,1,0,0,0
21.9,57.5,35.2,2,1,2,0
13.4,0,23.3,2,0,1,0
0,2.5,0,0,3,0,0
0,0,0,0,0,0,0
83.1,16.2,29.9,2,2,1,1
20.9,12,2.4,1,1,2,1
17.1,47.1,3.7,1,2,1,1
0,0,0,0,0,0,0
0,0,0,0,0,0,0
20.1,0,15.2,3,0,2,1
32.9,11.7,0,1,3,0,1
21.3,15.1,2.1,6,2,2,3
14.5,3.3,0,2,2,0,0
32.7,15.3,0,1,2,0,0
98.4,17.1,14.2,3,1,1,1
53.6,16.5,6.1,1,2,3,3
0,5.9,14.1,0,2,3,3
17.5,0,0,2,0,0,0
0,64.8,0.1,0,3,5,2
10.6,0,15.5,1,0,1,0
0,0,28.3,0,0,1,0
55.3,23.3,0,4,1,0,0
0,12.7,0,0,2,0,0
0,15.1,27,0,1,1,1
0,73.6,0,0,2,0,0
0,0,0,0,0,0,2
0,0,0,0,0,0,0
41,0,4.6,2,0,4,1
11.9,16.9,0,4,3,0,0
66.5,0,0,1,0,0,0
0,0,0,0,0,0,0
12.3,21.9,0,3,3,0,2
0,29.8,11.4,0,1,1,3
21.4,10.6,0,4,2,0,0
0,0,0,0,0,0,0
35.5,21.9,0,1,1,0,0
0,31.6,0,0,1,0,0
0,0,0,0,0,0,0
22.1,13.2,31.4,2,3,1,0
66.8,36.9,8.1,6,2,3,6
0,0,0,0,0,0,0
0.6,2.7,0,4,2,0,0
0,0,0,0,0,0,1
0,4.7,151,0,5,1,0
0,0,0,0,0,0,0
73.3,2.9,38.6,1,2,2,2
16.2,18.8,9.9,3,5,1,0
0,0,0,0,0,0,0
56.1,10.3,4.2,5,2,4,4
0,0,0,0,0,0,0
146.4,0.4,41.4,3,2,2,4
0,0,0,0,0,0,0
22.9,4.2,0,1,2,0,0
36.8,0.1,10.4,3,2,2,3
38.1,2.3,5.6,2,3,3,2
0,0,0,0,0,0,0
0,1.4,0,0,3,0,1
0,58.1,4.6,0,1,3,1
55.3,12.8,0.3,2,5,1,2
0,0,0,0,0,0,0
44.7,23.2,12.1,3,5,2,1
11.4,9.2,0,1,1,0,0
10.2,30.6,0,2,1,0,0
0,9.6,0,0,1,0,0
0,0,0,0,0,0,0
0,0,0,0,0,0,0
3.6,0,0,1,0,0,0
0,0,0,0,0,0,0
31.5,6.6,57.8,1,2,2,0
0,0,13.7,0,0,3,0
27.2,0,11,1,0,2,5
14.1,22.1,0,2,3,0,0
0,0,0,0,0,0,0
86.4,8.7,0,2,2,0,2
0,14.1,0,0,2,0,0
13.5,6.3,0,2,3,0,1
0,0,0,0,0,0,0
10.1,0,0.8,2,0,1,1
5.7,31,0,2,6,0,0
122.7,9.2,1.4,4,2,3,1
0,12.7,0,0,1,0,0
26.7,0,12,1,0,1,0
42.7,25.9,24.9,4,4,4,1
10.5,18,3.3,7,4,1,0
11.1,2.6,57.6,2,2,1,3
44.8,0,4.7,2,0,2,1
81.3,0,0,1,0,0,0
0,0,0,0,0,0,0
23.5,68,27.1,2,5,1,0
57.2,5,3.2,1,3,3,3
0,14.6,0,0,4,0,0
4.6,6.6,0,7,3,0,0
0,0,0,0,0,0,0
0,5.8,5.7,0,2,2,2
0,3.6,38.2,0,2,1,0
41,3.7,0.2,7,4,3,3
0,34.1,0,0,1,0,0
17.7,24.2,60.4,1,1,1,0
0,0,0,0,0,0,0
32.8,12.2,22.8,3,4,3,4
48.2,0,38.8,2,0,1,0
78.1,0,19,2,0,5,0
0,0,0,0,0,0,1
31,0,0.9,1,0,1,1
0,63.6,0,0,1,0,0
17.2,79.2,0,2,1,0,1
44.9,13.4,0,3,5,0,4
0,0,0,0,0,0,0
33.8,0,0,1,0,0,0
43.9,0,0,1,0,0,0
5.2,3.5,0,2,3,0,0
0,0,0,0,0,0,0
0,0,0,0,0,0,0
47.5,0.2,53.3,1,3,2,1
0,23.5,2.6,0,1,1,2
18.9,2.8,0,2,2,0,1
0,0,0,0,0,0,0
0,0,40.5,0,0,1,0
0,0,3.1,0,0,2,1
58.2,35.9,24.5,3,4,3,2
41.5,9.8,47.6,2,4,2,3
18.9,1.2,11.6,3,1,1,1
30,3.1,2.5,5,3,1,4
101.9,31.4,44.2,10,6,8,6
0.3,0,0,2,0,0,0
0,0,0,0,0,0,0
0,0,0,0,0,0,0
1,18.7,0,1,3,0,0
20.6,0.4,0,1,4,0,0
20.2,11.1,34,2,2,1,0
29.4,15,51.9,2,3,2,1
17.7,0,0,1,0,0,0
33,28.2,0,1,1,0,1
0,0,0,0,0,0,0
22.4,6.2,0.1,3,4,2,4
0,0,0,0,0,0,0
51.7,8.4,12.8,5,6,2,1
0,0,0,0,0,0,0
0,5.2,82.2,0,1,2,2
47,0,0.7,1,0,2,1
35.9,0,15.6,1,0,3,0
10.9,23.1,0,3,3,0,0
0,3.5,0,0,1,0,0
0,6.4,0,0,1,0,0
11.4,0,4.1,2,0,1,0
76.3,15.7,0,2,2,6,4
0,4.6,2.6,0,1,1,1
2,13.4,0,1,2,0,0
0,0,0,0,0,0,0
84.3,12.1,120.2,1,3,2,1
58.8,11,0,3,2,0,1
0,12.2,22.4,0,1,3,0
0.5,0,0,1,0,0,0
77.5,24.7,4.2,9,10,3,2
0,0,0,0,0,0,0
0,0,0,0,0,0,0
56.6,11.2,50.7,6,3,3,0
47.5,9.4,14.4,3,3,3,2
41.9,41.4,5.4,1,2,1,0
39.9,12.3,12.4,1,4,1,0
39.8,0,0,1,0,0,0
0,3,7.2,0,3,3,2
0,0,0,0,0,0,0
18.5,1.9,8,4,5,1,2
0,0,0,0,0,0,0
1.1,11.3,0,1,2,0,0
5.5,20.8,0,6,9,0,4
56.5,1.2,61.8,2,5,3,1
0,0,0,0,0,0,0
13.6,12.8,30.6,2,1,1,0
45.2,3.2,20.7,4,1,2,2
0,0,0,0,0,0,0
41,28.9,8.1,2,1,2,0
0,0,23,0,0,2,3
8.2,12.1,0,2,1,0,0
7.3,45.7,0,1,2,0,2
53.3,5.9,24.2,3,1,4,4
37.5,34.1,0,5,7,0,3
0,0,0,0,0,0,0
7.5,0.5,0,5,5,0,0
0,2.7,0,0,1,0,0
34.3,9.4,4.6,1,1,3,4
34.5,44.6,4.7,1,2,1,3
0,0,3,0,0,2,0
0,0,0,0,0,0,0
21.9,21.2,20.4,3,3,1,2
38.8,0.9,0,1,2,0,0
75.3,1.7,1,3,5,4,4
25.2,29.6,61.3,2,2,2,2
18.2,77.7,23.6,2,1,1,1
0,17.6,0,0,3,0,0
0.9,9.9,0,3,1,0,1
6.7,0,0,3,0,0,0
46.4,9.2,5.4,8,1,3,4
21.5,17.6,0,2,1,0,1
26.7,27.9,0,2,4,0,0
10.6,6.5,15.3,2,2,1,1
34.5,28.9,22.2,1,2,2,2
40.3,6.8,1.9,6,4,2,0
21.1,12.1,0,2,1,0,0
28.2,9.6,8.4,2,4,2,0
0,0,0,0,0,0,0
0,2.7,0,0,1,0,0
26.4,11.3,4.3,2,3,2,2
48.2,0,0,1,0,0,0
48.2,4,30.2,3,3,4,0
20.7,88.2,0,2,3,0,0
19.2,6.4,20.2,1,1,1,0
102.7,9.7,9.5,6,9,10,6
14.4,0,0,1,0,0,0
0,1,0,0,1,0,1
39.4,17.7,0,2,3,0,1
0,0,0,0,0,0,0
5.2,4,0,1,2,0,1
56,0.6,0,2,2,0,0
18.1,36,5.4,1,3,1,1
11.5,35.5,22.1,3,3,1,0
48.7,4.1,4.4,3,5,4,1
0,0,0,0,0,0,0
0,0,0,0,0,0,0
0,16.1,0,0,2,0,0
0,16.6,5.9,0,1,3,2
0.9,0,0,1,0,0,0
0,6.1,0,0,2,0,0
0,69.8,27.9,0,5,2,2
22,13.6,32.6,5,2,1,1
28.7,1.4,37.6,2,2,2,1
0,15.8,2.7,0,5,9,7
0,0,0,0,0,0,0
18,15.4,3.3,2,1,1,1
0,0,0,0,0,0,0
0,0,0,0,0,0,0
27.7,0,0,1,0,0,1
0,7,0,0,3,0,1
0,0,0,0,0,0,0
3.7,16.4,0,1,1,0,0
63,17.9,6.1,8,5,4,6
56.5,20.2,22.4,6,10,3,0
10,0,0,1,0,0,0
0,17.7,0,0,1,0,1
24.6,19.9,30.6,3,3,2,1
17.9,95.7,129.8,2,4,1,1
0,1.2,0,0,1,0,0
52.6,1.6,1.3,10,12,5,5
22.7,10.7,4.6,2,1,2,0
11,0,0,1,0,0,1
37.6,7.7,1.8,3,1,2,1
39.5,4,13.9,1,1,2,1
68.3,13.2,1.7,4,1,3,1
15.1,83.2,0.3,4,6,1,3
0,0,0,0,0,0,0
18.1,20.2,0,1,2,0,0
69.2,15.5,50.3,1,1,1,1
143,12.2,0,1,3,0,1
0,0,0,0,0,0,0
0,11.9,0,0,2,0,1
28.7,0,0,1,0,0,1
47.9,30.4,19.8,1,2,2,2
75.8,13.7,29.1,4,1,1,0
0,0,0,0,0,0,0
46.7,5.9,14.6,3,3,3,1
43.4,2.3,1.4,1,1,1,0
68.7,33.4,32.6,1,3,5,1
30.6,0,116.7,3,0,1,2
13.8,22.1,22.3,1,3,1,0
42.6,24.1,20.5,2,6,3,4
38.7,5.5,26.5,2,2,2,2
0,0,0,0,0,0,0
12.3,18.8,39.4,1,2,1,0
12.6,14.3,0,1,7,0,0
0,0,0.9,0,0,1,2
8,10.2,0,2,5,0,0
4.2,9.6,0,2,2,0,1
0,0,0,0,0,0,0
0,9.2,0.8,0,5,2,1
0,0,0,0,0,0,0
109.6,4.4,0.6,6,7,6,6
22.9,0,7.1,4,0,2,2
54.1,28.5,7.7,2,7,5,0
0,0,0,0,0,0,0
132.1,1.9,28.6,6,12,7,6
2.4,9.8,0,1,5,0,3
9.2,3.5,0,4,4,0,2
100.3,0,52.1,2,0,4,1
41.4,45,0,3,4,0,0
26.9,10.2,14.3,2,1,1,1
0,0,70.2,0,0,1,0
16.3,4.7,41.4,3,4,1,0
14.2,0,0,1,0,0,0
4.2,8.1,0,1,1,0,0
0,6.7,0,0,1,0,0
0,0,35.5,0,0,1,1
31.7,0,0,2,0,0,1
8,28.8,0,1,2,0,1
81.4,37.6,0,1,2,0,2
8.2,0,0,2,0,0,0
73.3,14.6,0,5,5,0,1
17.9,0,0,2,0,0,0
60.8,4.9,66.7,3,3,2,0
28,6.7,1,2,2,1,0
63.4,3.3,46.7,2,4,1,0
2.4,51.4,0,2,3,0,0
1.6,8.4,0,1,1,0,0
0,0,0,0,0,0,0
0,68.4,0.8,0,4,1,0
0,0,0,0,0,0,0
18.7,19.4,6.6,1,2,1,0
0,6.9,0,0,2,0,0
28.8,2.9,89.9,2,2,2,0
35.5,0.7,13.2,4,1,3,3
0,10.3,14.4,0,4,2,2
0,41.7,0,0,2,0,0
0,21.4,30.8,0,2,3,0
21.3,34.5,0.3,2,2,1,0
86.4,6.7,2.5,3,6,5,6
0,17.2,39.4,0,1,1,0
12.6,0,6.1,2,0,1,1
13.3,16.5,0,2,2,0,2
34.1,8.5,2,1,2,1,1
73.5,4.6,47.9,1,1,2,2
0,55.3,19,0,3,1,0
0,0,0,0,0,0,0
0,0,0,0,0,0,0
56.4,15.4,15.5,2,2,3,2
0,0,0,0,0,0,0
0,64.3,0,0,1,0,0
0,0,0,0,0,0,0
0,5.7,56.5,0,3,1,1
23.1,0,0.5,1,0,1,0
32.7,9.5,3.8,2,1,3,0
0,0,42.7,0,0,1,0
52.2,0,29.7,1,0,1,0
10.1,1.3,6.3,1,3,1,0
109.8,0.2,25.4,5,7,8,4
81.4,24.9,20.5,4,2,2,1
0,0,0,0,0,0,0
21.9,16.5,0,2,1,0,0
57.5,16.6,5.8,3,3,4,2
0,0,0,0,0,0,0
0,0,0,0,0,0,0
0,0,0,0,0,0,0
52,5.1,5.6,1,3,1,2
18.8,11.8,11.5,1,1,1,0
0,0,0,0,0,0,1
36.8,13.8,2.7,1,2,2,2
31.4,41.5,2.7,2,6,3,1
26.6,6.3,16.4,3,1,1,1
0,37.3,0,0,1,0,0
17.2,6.4,6.7,1,1,1,1
16.3,16.5,56.1,1,2,1,0
0,18.7,0,0,1,0,0
0,16.6,0,0,1,0,1
0,0,61.1,0,0,2,1
0,2.6,21.9,0,2,2,1
0,0,0,0,0,0,0
0,0,0,0,0,0,1
0,0,12.5,0,0,1,0
0,35.9,3.7,0,3,1,0
0,0,0,0,0,0,0
1.6,17.4,0,7,3,0,5
0,35.7,0,0,1,0,0
51.6,1.8,0,4,2,0,0
0,68.9,9.3,0,1,1,0
0,0,0,0,0,0,0
42.3,27,50.9,2,8,4,3
0,0,9.3,0,0,2,1
37.6,3,14,4,4,1,1
0,0,0,0,0,0,0
14.9,0,10.2,4,0,1,0
10.4,0,0,1,0,0,0
0,0,0,0,0,0,0
26.2,0.3,34,1,2,1,0
0.8,37.4,0,2,1,0,0
11.8,1.2,0,2,1,0,0
0,0,0,0,0,0,0
0,6.8,17.9,0,1,1,0
0,0,0,0,0,0,0
0,1.8,6.1,0,1,4,1
0,0,0,0,0,0,0
0,0,0,0,0,0,1
0,0,6.1,0,0,1,0
26.4,4.2,27.9,1,2,2,1
54.4,0,44.5,1,0,2,0
36.3,0,43.4,1,0,1,0
0,0,3.2,0,0,1,1
0,0,0,0,0,0,0
0,0,0,0,0,0,0
0,61.5,6.1,0,1,1,0
0,0,0,0,0,0,0
0,0,0,0,0,0,0
0,0,0,0,0,0,0
0,0,8.8,0,0,2,1
66.6,22.4,0,1,1,0,1
14.2,24.3,5.7,2,1,1,1
0,0,5.9,0,0,1,0
0,0,2.8,0,0,1,0
0,0,1.1,0,0,1,0
91.8,11.4,0,2,1,0,0
0,29.1,4.1,0,1,3,2
0,0,0,0,0,0,0
0,0,0,0,0,0,0
0,0,20.2,0,0,1,0
0,0,0,0,0,0,0
0,0,0,0,0,0,0
0,2.6,0,0,1,0,0
0,0,0,0,0,0,0
0,6.2,0,0,2,0,0
0,0,0,0,0,0,0
22.7,0,0,2,0,0,0
31.8,13,23,1,2,1,2
0,0,0,0,0,0,1
28.2,0,5.6,1,0,2,1
16.2,11.3,0,1,1,0,0
0,0,0,0,0,0,0
0,0,0,0,0,0,0
0,0,3.6,0,0,2,0
2.5,0,0,1,0,0,0
0,0,0,0,0,0,0
0,0,0,0,0,0,0
30.8,0,0,1,0,0,0
0,0,0,0,0,0,0
102.8,4.9,53.2,1,1,1,1
25.9,0,0,4,0,0,0
0,0,0,0,0,0,0
18.7,7.8,2.7,1,1,1,0
48.7,0,0,1,0,0,0
0,12.4,0,0,1,0,0
0,0,0,0,0,0,0
24.5,5.7,0,1,2,0,0
10,0,0,1,0,0,0
47.1,10.9,9,6,5,2,4
0,0,0,0,0,0,0
0,0,0,0,0,0,0
27.4,32.1,2.1,1,3,2,0
0,0,0,0,0,0,0
1.7,3.2,0,1,1,0,0
0,0,2.3,0,0,1,0
0,70.6,10.9,0,2,1,0
6.1,0,0,1,0,0,0
0,23,9.4,0,2,1,2
34.7,13,35.5,2,1,2,1
0,0,0,0,0,0,3
0,0,0,0,0,0,0
8,72.5,0,1,2,0,0
0,2.3,9.5,0,1,3,2
0.9,0,0,2,0,0,0
21.2,0,0,1,0,0,0
0,0,0,0,0,0,0
5.5,0,0,1,0,0,0
23.2,0,0,1,0,0,0
0,113.1,0.4,0,1,1,0
0,0,0,0,0,0,0
44.2,54.7,72.1,2,1,3,3
6.6,23.6,0,2,2,0,0
0,0,0,0,0,0,0
7.6,0,0,1,0,0,0
0,0,0,0,0,0,0
0,0,0,0,0,0,0
8,0,0,1,0,0,0
0,0,0,0,0,0,0
78.1,8.9,19.9,3,4,3,1
0,0,0,0,0,0,0
0,0,0,0,0,0,0
61.3,13.3,0,4,6,0,2
10.5,0,0,1,0,0,0
0,2.4,0,0,3,0,0
0,17,2.7,0,1,1,1
0,0,0,0,0,0,0
10.1,0,0,2,0,0,0
3.5,0,0,2,0,0,0
27.4,0,0,1,0,0,0
0,0,0,0,0,0,1
0,0,0,0,0,0,0
0,0,0,0,0,0,0
0,0,0,0,0,0,0
0,0,0,0,0,0,0
0,23.8,0,0,1,0,0
18.1,0,0,1,0,0,0
0,0,0,0,0,0,0
0,0,0,0,0,0,0
43.2,0,0,3,0,0,1
0,0,0,0,0,0,0
0,0,0,0,0,0,0
0,0,0,0,0,0,0
68.2,5.4,2.4,2,2,2,2
13.2,45.4,22.1,1,2,1,1
0,0,0,0,0,0,0
85.7,49.2,0,1,1,0,1
23.4,0,0,1,0,0,1
37.7,1.5,12.1,2,4,3,0
44,0.7,18.3,4,7,4,2
54.2,0,14,1,0,1,0
0,32.8,0,0,2,0,0
82.8,12,15.1,1,1,2,1
0,0,0,0,0,0,0
0,0,0,0,0,0,0
31.2,4.5,21.3,4,4,3,2
0,0.4,20.3,0,1,2,3
0,0,0,0,0,0,0
0,11.6,0,0,2,0,0
31.9,2.6,16.6,1,3,3,2
0,0,0,0,0,0,0
13,13.8,10.8,3,2,1,3
45.6,4.7,0,10,3,0,0
0,9.9,0,0,1,0,0
0,22.3,0,0,1,0,0
0,14,0,0,1,0,0
0,0,0,0,0,0,0
0,31.1,19.8,0,1,5,1
0,0,0,0,0,0,0
47.2,21.8,23.6,5,4,3,1
0,19.8,0,0,1,0,0
32.1,0.6,105.2,1,2,1,0
0,0,0,0,0,0,0
49.8,0,3.8,2,0,4,0
0,21.7,0,0,1,0,2
0.5,59.6,0,3,1,0,2
12.6,0.1,29.4,3,5,1,1
0,2.5,43.9,0,2,3,1
0,0,0,0,0,0,0
57.3,35.5,30.9,3,2,4,3
0,0,0,0,0,0,0
0,16.5,1.2,0,1,2,0
0,39.7,8.7,0,1,1,0
0,0,0,0,0,0,0
17.5,0,0,1,0,0,1
9.1,0,0,1,0,0,0
0,0,13.5,0,0,2,0
2.6,0,0,3,0,0,0
164.3,14.1,42.2,1,3,5,1
41,11.4,16.7,3,2,2,2
4.3,42.2,0,3,1,0,0
0,0,0,0,0,0,0
0,11.7,0,0,2,0,0
16.9,0,0,3,0,1,0
0,0,0,0,0,0,0
0,0,0,0,0,0,0
0.6,4.6,0,7,2,0,0
0,3.8,0,0,1,0,0
0,18.8,0,0,1,0,2
82.7,19.6,2.2,4,8,2,3
5.6,7.1,0,1,3,0,0
0,0,0,0,0,0,0
0,0,0,0,0,0,0
0,0,0,0,0,0,0
54.7,36.3,2.1,2,3,2,1
0,0,0,0,0,0,0
0,0,0,0,0,0,0
36.8,8.2,21.2,4,3,1,1
18.8,0,0,1,0,0,1
25.9,1.5,0,2,2,0,2
0,0,0,0,0,0,0
28.5,32,0,1,2,0,0
0,0,7.7,0,0,1,0
0,0,0,0,0,0,0
0,0,0,0,0,0,0
0,0,0,0,0,0,0
20.4,41,10.6,3,5,2,0
0,0,0,0,0,0,0
0,0,12.4,0,0,1,0
13.6,86.2,1.9,1,1,1,2
0,0,0,0,0,0,1
14.3,0,37,1,0,1,1
103.6,18.5,0.4,5,3,8,1
0,18.7,19.8,0,1,1,0
0,4.2,0,0,1,0,0
11.7,12.5,0,1,2,0,1
0,0,0,0,0,0,0
35,5.3,77.4,2,1,3,2
61.7,9.1,56.5,2,3,2,3
0,0,0,0,0,0,0
0,0,0,0,0,0,0
0,0,0,0,0,0,0
0,0,0,0,0,0,0
0,55,0,0,1,0,1
6.4,0,0,1,0,0,1
56.5,3.9,3.5,1,2,1,2
22.9,21.9,41.3,4,4,2,3
0,0,0,0,0,0,0
0,0,0,0,0,0,0
0,0,68,0,0,1,0
14.7,16.3,24.6,1,1,1,1
0,1.1,0,0,1,0,0
0,0,0,0,0,0,0
0,0,0,0,0,0,0
0,0,28.2,0,0,1,0
20,0.3,0,4,5,0,0
38.6,2.9,11.6,1,1,3,1
0,0,0,0,0,0,0
0,1.6,0,0,1,0,0
0,67.2,32.8,0,1,1,2
0,0,0,0,0,0,0
21.9,4.9,0,1,2,0,1
26.8,0,7.7,1,0,1,0
0,0,0,0,0,0,0
18.3,0,61.8,1,0,1,3
0,0,0,0,0,0,0
30.4,2.6,9.4,1,2,3,2
2.2,0,0,2,0,0,0
0,0,40.2,0,0,1,4
0,0,0,0,0,0,2
0,0,0,0,0,0,0
52.6,6.5,0,2,1,0,0
0,21.6,7.2,0,5,4,0
0,30.7,19.1,0,1,1,2
39.6,9.2,5.3,3,2,2,1
0,0,0,0,0,0,0
0,0,0,0,0,0,0
57.4,1.2,16.2,1,2,4,1
1.4,59.4,0,3,5,0,0
16.7,3.4,0,1,1,0,0
31.6,30.7,29.1,3,1,3,0
19.4,0,0,1,0,0,0
0,0,0,0,0,0,0
50.4,0,0,2,0,0,1
60.2,3.1,1.2,3,6,6,2
0,0,0,0,0,0,0
1.7,0,0,1,0,0,0
10.3,0,16.5,1,0,1,0
0,0.9,0,0,1,0,0
29.9,36.6,32.4,1,2,2,0
29,30.9,2.3,2,2,2,2
0,0,0,0,0,0,0
24.4,7.2,5.9,4,2,2,2
0,0,0,0,0,0,0
0,35.3,28.4,0,1,1,0
0,0,0,0,0,0,1
72.6,0,21.6,2,0,1,2
18.6,6.7,4.9,1,1,1,1
109.7,0,16.9,1,0,1,0
35.9,6.9,74.4,2,1,1,1
75.1,50.8,31.2,4,3,3,5
34.9,0,29.1,1,0,3,1
46.7,9.9,20.1,1,4,4,2
61.6,18.6,4.5,7,6,4,1
8.8,0,0,2,0,0,0
21.4,1.7,17.1,2,1,1,3
10.7,4.4,0,2,4,0,0
0,0,0,0,0,0,0
0,0,0,0,0,0,0
61.6,50,24.3,6,1,5,0
1.8,26,0,1,1,0,0
36.7,8.6,0.3,1,2,2,0
40.6,8.9,59.5,6,2,1,1
0,0,0,0,0,0,0
0,0,0,0,0,0,0
76.5,0.9,3,1,2,5,4
31.6,10.8,19.8,2,5,3,7
0,0,0,0,0,0,0
104.3,43,31.2,3,4,6,0
0,0,0,0,0,0,0
55.8,0.6,17.4,3,1,2,2
90.3,0.7,5.3,1,1,1,0
141.5,32.4,15.6,10,11,13,3
8.6,0,0,2,0,0,1
0,53.7,0,0,6,0,0
0,0,6.3,0,0,1,0
1.2,0,0,2,0,0,0
0,0,47.8,0,0,1,0
0,0,0,0,0,0,0
15.2,46.2,1.1,1,2,1,2
60.2,6.7,37,4,4,1,1
37.5,5.1,4.1,3,2,3,2
0,0,0,0,0,0,1
32.2,0,3.1,2,0,1,0
0,0,0,0,0,0,0
23.6,21.3,11.1,2,4,2,2
29.3,9.7,0.7,6,4,1,1
53.6,33.8,5.8,5,3,2,1
23.2,0,0,1,0,0,0
3.9,0,0,2,0,0,1
0,0,7.5,0,0,1,0
48.2,39,1.9,5,4,2,1
52.9,15.2,38.8,4,4,5,1
52,34.6,12,2,2,3,2
15.8,0,17.4,1,0,1,2
66.8,19.8,94.8,11,6,6,5
35,22.1,25.1,5,5,3,2
0,0,0,0,0,0,0
77.9,44.6,1.9,5,5,6,1
54.3,20.7,12.2,1,4,1,2
0,0,0,0,0,0,2
25.3,14.9,1.8,4,1,2,1
11.3,0,0,1,0,0,0
26.2,11.2,7.5,2,2,1,2
42.8,0,34.2,1,0,1,0
0,12.2,9.6,0,5,2,0
1.8,1.5,0,1,5,0,0
51,34.4,11.2,2,3,4,0
21.2,74.2,33.6,7,6,2,3
36.8,15.8,41.1,5,4,2,2
0,0,6.9,0,0,2,0
53.3,13.9,0,1,1,0,0
0,0,0,0,0,0,0
17.6,19,0,1,3,0,2
0,0,0,0,0,0,0
0,0,0,0,0,0,0
0,0,3.3,0,0,3,1
82.5,11.9,0,2,2,0,0
0,0,0,0,0,0,0
0,13.1,0,0,1,0,1
3.5,0,0,3,0,0,0
63.4,30.8,26.7,3,2,4,2
14.1,13.5,50.9,5,7,1,2
0,0,0,0,0,0,0
15.3,0,3.2,1,0,1,0
0,0,38.1,0,0,2,1
26.2,36,3.6,4,2,1,0
0,72,13.1,0,2,2,2
68.7,25.3,5.9,6,5,4,5
0,0,0.6,0,0,2,0
23.2,0,0,1,0,0,0
46.2,13.4,21.4,2,1,3,3
18,0,50.9,3,0,1,0
50.1,9.5,8.3,2,2,2,1
0,0,7.2,0,0,1,4
46.9,3.4,13.6,4,5,4,1
0,0,0,0,0,0,0
0,42.1,12.4,0,1,4,1
11.5,0,0,1,0,0,0
39.6,27.7,7,1,2,1,0
0,0,0,0,0,0,0
1.8,49.9,0,2,1,0,0
0,25.6,0,0,1,0,0
76.7,7.1,19.8,2,2,3,1
22.5,0,35.1,2,0,1,0
13,23.3,0,1,2,0,0
0,0,0,0,0,0,1
44.5,33.1,21.2,3,3,3,3
0,0,0,0,0,0,0
34,5.2,0,1,1,0,1
1.7,1.4,0,2,1,0,0
0,0,0,0,0,0,0
0,7.4,0,0,1,0,0
45.7,0,14.1,1,0,1,1
0,0,0,0,0,0,0
0,0,0,0,0,0,0
22.9,0,0,1,0,0,0
0,7.2,0,0,1,0,0
0,2.6,0,0,1,0,0
0,0,0,0,0,0,0
0,0,0,0,0,0,0
2.9,5.3,0,1,4,0,2
16.3,1.6,0,2,1,0,1
0,0,0,0,0,0,0
102.3,19.8,4.8,1,1,6,2
0,0,0,0,0,0,0
16.6,0,0,2,0,0,0
74.6,0,67.3,1,0,4,1
25.2,0,11.2,1,0,1,0
43.5,23.6,8.4,1,2,1,0
20.1,70.1,41.7,1,4,2,3
42.3,0,11.7,3,0,2,0
33,7.4,62.6,1,2,1,1
39.6,0,0,1,0,0,0
23.3,7.6,0,1,1,0,0
0,15,0,0,2,0,2
14.8,0,0,1,0,0,0
0,0,0,0,0,0,0
0,0,0,0,0,0,1
30.6,9.9,24.8,3,2,2,0
11.7,30.2,61.3,1,1,1,2
13.9,5.9,0,3,5,0,0
45.6,33.7,4.5,3,1,2,4
11.6,0,2.1,3,0,1,1
0,2.5,0,0,2,0,1
0,0,0,0,0,0,0
11.7,14.1,0,5,3,0,0
0,0,0,0,0,0,0
15.9,3.3,0,2,1,0,0
0,0,0,0,0,0,2
25,97.3,0,1,3,0,0
6.9,0,0,1,0,0,0
90.7,27,25.2,2,1,5,2
28.7,16.9,16.1,1,2,1,3
0,0,4,0,0,1,0
117.7,6.6,26.9,5,4,3,4
0,0,0,0,0,0,0
34.5,0.9,17,3,4,3,2
0,0,29,0,0,1,0
0,9.1,0,0,1,0,0
72.4,0,0,1,0,0,0
37.6,78.9,11.9,3,1,1,0
23.8,12.8,6.1,2,5,1,0
0,0,0,0,0,0,0
0,0,0,0,0,0,0
27.2,0,0,1,0,0,2
21.5,0,6.6,1,0,2,0
0,6,0,0,4,0,1
32.7,48,2.4,5,2,1,1
81.5,27.1,19.9,1,2,3,1
55.4,1.6,8.7,2,2,3,0
0,0,0,0,0,0,0
0,34,0,0,1,0,1
0,7.6,0,0,2,0,0
0,0,0,0,0,0,0
41.4,13.3,29.1,1,4,1,3
0,2.2,10.7,0,3,1,1
0,28,0,0,1,0,1
0,0,4.4,0,0,3,1
0,51.5,34.1,0,4,5,3
34.1,3.6,6.9,1,1,1,0
0,10.8,19.2,0,3,2,1
0,37,0,0,2,0,0
11.8,74.3,0,5,5,0,0
27.2,7.2,8.5,1,2,2,0
42.3,14.3,11.2,6,1,3,2
0,0,0,0,0,0,0
0,0,1.5,0,0,2,4
0,0,81.1,0,0,2,1
38.8,0,0,2,0,0,0
0,0,0,0,0,0,0
0,14.3,44.8,0,2,1,0
35.8,0,0,1,0,0,1
76.7,0,8.9,3,0,2,1
36.6,13,3.2,3,1,3,2
10.9,9.5,0,3,4,0,1
0,1.5,0,0,4,0,2
22.2,27,6.4,2,2,2,1
36.2,0,0,1,0,0,0
0,0,0,0,0,0,0
0,11,0,0,2,0,0
83.9,13.1,2.2,6,3,3,3
11.7,0,0,2,0,0,0
42,23.6,0,6,3,0,1
0,0,0,0,0,0,0
54.8,11.2,22.2,8,6,4,5
0,0,64.2,0,0,1,4
0,15.7,10.4,0,1,1,1
0,11.9,0,0,6,0,0
45.3,13.2,37.4,3,2,3,0
11.2,57.1,14.5,1,2,1,2
0,0,0,0,0,0,0
0,0,0,0,0,0,0
36.4,33.1,11.2,2,3,1,0
0,0,12.9,0,0,1,0
9.3,38.8,0,4,2,0,0
4.5,11.3,0,1,1,0,2
0,0,0,0,0,0,0
0,0.3,0.2,0,1,2,0
0,24.4,0,0,2,0,0
20.9,5.9,0,1,2,0,1
32.8,0,0,2,0,0,1
17.7,6.1,1.2,5,2,1,1
0,14.2,37,0,1,5,0
0,11.8,0,0,3,0,0
12.2,3,0,3,1,0,0
21.6,5.1,36.8,4,2,2,1
25.6,14.2,0,1,1,0,0
69.6,6.6,34.5,2,1,3,1
55.5,23.4,19.6,1,5,2,1
0,0,46.7,0,0,2,0
24.3,0,40.3,1,0,2,0
2.6,59.4,0,4,3,0,0
0,18.2,0,0,2,0,0
26.4,24.1,6.7,2,3,2,4
49.1,25.5,10.8,1,3,1,2
0,0,43.1,0,0,1,0
69.1,12.2,7.9,1,2,5,3
0,0,0,0,0,0,0
0,32.8,0,0,2,0,0
70.6,16.8,19.4,1,2,1,0
0,0,0,0,0,0,0
0,0,0,0,0,0,0
42.1,19.1,33,1,6,3,2
71.3,85.9,5.2,3,4,2,1
11.8,7.4,8.2,2,1,1,0
1.3,0,0,1,0,0,0
34.8,0.9,2.8,7,4,3,5
76.5,21.9,5.4,1,1,5,5
66.1,41.3,22.8,3,2,5,3
1.4,14.6,0,2,1,0,0
41.9,12.6,18.4,1,2,1,0
45.9,36.2,12.8,4,4,1,5
0,10.5,0.1,0,2,2,3
0,18.4,0,0,2,0,0
34.5,0,17.7,2,0,1,0
0,0,0,0,0,0,0
67.7,70.3,9.4,5,4,3,1
0,0,0,0,0,0,0
0,0,0,0,0,0,1
0,15.8,87.2,0,3,1,0
0,4.3,0,0,1,0,0
0,0,60.6,0,0,2,0
0,0,0,0,0,0,2
13.4,54,7,1,1,1,2
35.1,16.3,19.3,6,10,3,2
50.1,5.2,1.9,1,2,4,0
0,4.8,7.7,0,3,2,2
33.3,6,11.3,3,1,2,2
0,0,0,0,0,0,0
0,0,0,0,0,0,0
0,0,0,0,0,0,0
8.2,40.4,0,1,2,0,0
28.9,0,0.1,1,0,2,1
87.6,10.7,15.6,8,8,5,1
15.9,12.9,10.5,1,3,1,3
16.4,15.7,24.3,8,5,1,2
0,1.3,0,0,1,0,4
74.5,9.1,2.3,7,2,3,1
23,36.5,44,3,5,1,1
0,0,0,0,0,0,0
5.2,20.3,0,1,1,0,2
12,4.5,0,2,2,0,0
39.6,17.8,4.2,7,3,3,5
19.3,0,1.4,1,0,1,0
0,7.7,0,0,2,0,0
46.7,48.4,12.7,3,3,4,2
4,1,0,1,1,0,0
20,7.4,13.4,1,1,1,3
0,7.3,0.3,0,3,1,2
0,19.9,0,0,1,0,0
0,0,0,0,0,0,0
0,0,0,0,0,0,0
2.6,26.7,0,2,4,0,1
0.7,29.3,0,3,2,0,1
0,0,0,0,0,0,0
0,0,0,0,0,0,0
36.4,74.9,9.8,2,4,3,3
18,0,1.6,1,0,1,0
59,18.9,4.7,4,6,4,4
81.6,0,44.6,7,0,6,8
28.1,58.2,4.6,1,1,2,4
0,0,0,0,0,0,0
12.5,0,0,1,0,0,3
0,23.1,0,0,12,0,0
52.3,0.4,22.3,1,2,1,0
78.1,29.6,3.1,9,9,7,6
51,5.1,19.5,5,2,2,3
0.4,70.8,0,2,1,0,0
0,0,6.4,0,0,2,0
0,0,3.1,0,0,1,1
0,0,0,0,0,0,0
47.1,15.9,5.6,9,10,4,4
0,0,0,0,0,0,0
0,0,0,0,0,0,0
0,0,0,0,0,0,0
58.3,5.4,64.2,4,2,2,2
0,0.1,6.6,0,2,1,0
0,0,0,0,0,0,0
0,0,14.5,0,0,2,4
65.3,64.7,10.5,3,4,2,2
0,0,0,0,0,0,0
28.1,0,0,1,0,0,0
37.6,1.2,2.1,4,6,2,2
19.7,23.9,0,1,3,0,1
62.8,49.9,10.4,2,5,3,1
9.8,13.7,0,6,4,0,0
0,28.2,6.3,0,3,3,2
0,0,0,0,0,0,0
0,0,0,0,0,0,0
15,14.4,33.5,9,6,1,5
0,0,0,0,0,0,0
14,38,43.7,2,1,1,2
15.8,0,0,1,0,0,0
2.5,0,0,1,0,0,0
0,0,0,0,0,0,2
37.9,9.5,6.9,2,1,3,1
99,0.2,4.5,4,1,3,1
10.2,21.8,37.8,1,2,1,1
9.1,3.8,0,3,1,0,1
7,0,0,1,0,0,0
0,0,0,0,0,0,2
29.9,0,20.1,2,0,2,1
13.8,0,0,1,0,0,0
0,0,0,0,0,0,0
0,4,16.6,0,1,1,0
0,14.8,9.6,0,1,3,0
0,0,0,0,0,0,0
31.9,0,30.4,1,0,1,1
0,39.8,31,0,4,2,1
23.4,3.1,10.9,1,4,2,2
0,19.3,8.9,0,3,1,2
26.2,7.7,9.3,7,3,2,5
37.1,15.4,35.5,4,4,3,3
54.7,4.4,28.8,1,7,2,0
87.9,1.3,1.6,4,5,7,2
0,0,0,0,0,0,1
27.3,56.2,12.2,4,1,2,2
0,5.5,20,0,2,2,0
0,0,0,0,0,0,0
0,7.8,26.5,0,2,2,0
37,37.2,6.8,2,1,3,0
39.3,0,0,1,0,0,0
92.9,0,0,3,0,0,1
17,0,3.4,2,0,1,0
0,19.5,0,0,2,0,1
0,0,0,0,0,0,0
52.8,0,0,1,0,0,0
11,50.1,0,1,4,0,2
0,0,0,0,0,0,1
77.2,10,0.1,2,2,2,4
0,0,0,0,0,0,0
0,1,0,0,2,0,0
17,54.6,0,1,1,0,0
22.6,22.6,38.4,1,3,1,1
22.2,0,31.9,1,0,2,1
73.8,25.6,3.5,5,4,7,5
0,0.1,22.2,0,1,2,1
35.3,4.4,7.2,3,2,3,4
11.9,20,58,2,4,1,2
11.9,26.9,35,1,1,1,1
46.9,4.9,0,2,1,0,0
0,3.4,0.1,0,2,2,0
77.6,8.3,13.4,4,6,4,2
0,7.3,5.7,0,1,1,1
8.6,7.8,0,4,2,0,0
9.7,0,0,1,0,0,1
0,8.4,0,0,1,0,0
0,10.8,0,0,2,0,0
1.1,0,0,4,0,0,0
42.7,11.8,1.1,5,6,3,3
48.9,22.6,0,2,1,0,2
0,0,0,0,0,0,1
96.6,4.5,0,4,7,0,1
0,10.5,0,0,1,0,0
20.7,30.4,18.3,2,3,2,4
47.9,18.1,6.4,1,1,2,0
0,0,0,0,0,0,0
0,12.3,0,0,2,0,1
0,0,0,0,0,0,0
1.2,22.8,0,1,1,0,0
0,0,41.3,0,0,1,0
62,42.4,65,3,3,4,3
21.3,23.1,18.7,1,3,2,2
0,0,0,0,0,0,0
0,0,0,0,0,0,0
0,0,0,0,0,0,0
0,0,0,0,0,0,0
23.1,23.3,0,1,1,0,0
25.4,0.4,6.9,1,1,1,1
13,8.2,0,2,3,0,1
0,40,0,0,3,0,0
22.2,0,0,1,0,0,1
0,0,0,0,0,0,0
0,0,0,0,0,0,0
14.8,8.4,2.9,1,1,1,1
12.9,23.6,2.6,2,2,1,0
35.3,2.7,3.6,3,1,1,1
35.4,50.3,19.4,5,3,1,1
0,0,0,0,0,0,0
0,0,0,0,0,0,0
0,30.2,0,0,2,0,0
38.2,0,9,1,0,1,1
0,0,0,0,0,0,0
31.6,3.8,57.3,2,3,2,4
12.9,1.5,16,1,1,1,2
39.6,0,17.2,2,0,2,1
52.8,0,2.7,1,1,1,6
0,0,0,0,0,0,0
0,12.9,0,0,2,0,0
0,1.3,0,0,2,0,0
7.7,8.7,0,1,3,0,0
0,15.1,0,0,1,0,1
2.1,0,0,1,0,0,0
0,7.8,7.9,0,1,1,0
11.3,35.1,11.9,1,2,1,0
0,0,0,0,0,0,0
87.2,15.8,117.5,6,3,6,4
0,23.8,0,0,3,0,0
0,0,0,0,0,0,0
0,0,0,0,0,0,0
33.5,0,2.4,2,0,3,2
50.4,80.2,0,2,1,0,0
0,21.4,0,0,1,0,0
0,0,0,0,0,0,0
0,15.1,0,0,1,0,0
0,0,24.1,0,0,1,0
0,0,0,0,0,0,0
0,0,0,0,0,0,0
9,0,0,1,0,0,0
0,0,0,0,0,0,0
0,0,0,0,0,0,0
0,0,0,0,0,0,0
0,0,0,0,0,0,1
45.7,0.2,6.7,2,3,1,0
15.6,37.5,0,1,1,0,1
0,0.4,0,0,1,0,0
0,0,0.2,0,0,1,0
0,0,1.8,0,0,1,2
0,0,0,0,0,0,0
0,0,0,0,0,0,0
0.5,0,0,1,0,0,0
0,0,0,0,0,0,0
0,0,0,0,0,0,0
0,0,0,0,0,0,0
0,0,0,0,0,0,0
80.6,7.1,2.7,1,1,3,2
0,0,0,0,0,0,0
22.5,0,0,1,0,0,0
0,0,0,0,0,0,0
25.5,2.5,11.4,3,2,2,4
30.9,3.4,9.2,3,5,3,2
39.7,9.1,35.3,1,1,2,0
38.6,2.9,34.4,1,2,1,3
0,0,5.6,0,0,1,0
23.4,11.1,0,1,2,0,0
0.5,16.8,0,2,1,0,0
0,0,0,0,0,0,0
0,0,0,0,0,0,0
0,0,0,0,0,0,0
0,0,0,0,0,0,0
0,0,0.7,0,0,1,1
0,0,0,0,0,0,0
62.2,9.1,13.9,1,2,6,11
53.3,0,7.7,1,0,2,0
11.9,0,1.4,1,0,1,0
0,4.5,0,0,1,0,0
101.6,0,24.9,1,0,1,0
0,0,0,0,0,0,0
0,0,0,0,0,0,0
0,0,0,0,0,0,0
1.1,0,0,1,0,0,1
0,0,0,0,0,0,0
0,0,0,0,0,0,0
0,4,0,0,3,0,0
0,0,0,0,0,0,0
0,24.2,0,0,2,0,1
0,0,24.3,0,0,1,1
0,0,0,0,0,0,0
0,0,0,0,0,0,0
0,11.1,6,0,4,1,1
0,0,1.6,0,0,2,2
49.5,8.8,61.4,3,7,4,4
0,0,0,0,0,0,0
22.1,0,7,4,0,2,2
23.8,40,32.1,2,2,2,0
0,0,0,0,0,0,0
0,0,0,0,0,0,0
72,5.6,13.2,1,7,2,2
0,0,0,0,0,0,0
0,0,12.9,0,0,1,0
0,0,0,0,0,0,0
0,0,0,0,0,0,0
9.3,0,0,1,0,0,0
0,0,0,0,0,0,0
47.4,0,0,1,0,0,0
19.6,2.3,8.1,1,1,1,2
0,0,0,0,0,0,0
29.7,23.2,17.1,4,2,2,1
35,56.1,0,2,3,0,0
0,0,12.6,0,0,1,0
59.1,31.4,6.1,1,1,2,0
71.7,14.1,11.9,2,1,1,0
49.9,0,0,1,0,0,1
0,0,0,0,0,0,1
25.1,0,47.6,1,0,2,1
6.6,0,0,1,0,0,0
28.6,7,17.8,2,2,2,0
0,0,0,0,0,0,0
0,0,0,0,0,0,0
0,0,0,0,0,0,0
0,29.4,0,0,1,0,0
54.1,0,0,1,0,0,0
48.5,7.4,49.8,1,1,4,0
36.9,3.3,6.4,5,6,2,0
0,5.1,0,0,3,0,0
0,0,0,0,0,0,0
0,0,0,0,0,0,0
74.4,0,0,1,0,0,0
0,0,0,0,0,0,0
0,0,0,0,0,0,0
48.6,0.3,25.5,3,3,4,0
0,16.7,5.4,0,1,3,1
0,0,0,0,0,0,0
0,0,0,0,0,0,1
0,0,0,0,0,0,0
0,0,0,0,0,0,0
0,0,142.9,0,0,1,0
0,0,0,0,0,0,0
88.7,31.8,6.7,5,5,7,4
0,52.3,0,0,2,0,0
51.1,11.1,28.6,5,11,3,4
0,0,0,0,0,0,0
0,0,0,0,0,0,0
0,0,0,0,0,0,0
1.5,0,0,1,0,0,0
26.8,4.6,5.2,1,2,2,0
14.1,30.1,7.2,1,1,1,0
34,16.5,49.3,3,2,1,0
0,0,0,0,0,0,0
24.4,0,37.6,1,0,1,0
25.7,7.5,0,13,7,0,3
0,0,0,0,0,0,0
0,0,84.8,0,0,1,0
49.5,30.3,11.1,1,2,1,1
22.6,8.4,22.6,4,2,2,0
2.4,34.6,0,1,1,0,1
0,0,0,0,0,0,0
0,0,0,0,0,0,1
0,0,0,0,0,0,0
21,20.2,50.6,2,2,2,1
10.7,15.4,18.9,1,2,1,1
24.8,14.6,0,4,1,0,0
46.5,18.1,0,1,2,0,1
4.3,54.1,0,1,2,0,0
0,0,0,0,0,0,0
0,0,0,0,0,0,0
26.9,7.4,0.7,2,2,2,2
0,0,0,0,0,0,1
10,15.3,0,1,1,0,0
23.5,0,0.1,1,0,1,1
0,32.4,0,0,1,0,0
0,0,0,0,0,0,0
25.3,0,0,2,0,0,0
0,0,0,0,0,0,0
52.1,31.1,5.5,4,5,1,2
0,0,0,0,0,0,0
9.4,4.1,0,1,1,0,0
3.9,0,0,1,0,0,0
0,0,0,0,0,0,0
0,0,0,0,0,0,0
61.6,0,9.5,1,0,2,0
34,9.7,34.3,1,2,3,1
0,0,0,0,0,0,0
42.3,14.1,20.3,1,2,2,1
0,0,0,0,0,0,0
0,0,0,0,0,0,0
0,0,0,0,0,0,0
0,0,0,0,0,0,0
0,0,0,0,0,0,0
21.6,0,0,1,0,0,0
0,0,0,0,0,0,0
0,0,0,0,0,0,0
34.4,20.6,0,1,1,0,0
0,0,0,0,0,0,1
0,0,0,0,0,0,0
0,0,21.3,0,0,1,0
0,0,0,0,0,0,0
0,0,0,0,0,0,0
0,0,19.1,0,0,1,0
0,0,0,0,0,0,0
0,0,18,0,0,2,1
10.6,19.3,0,2,2,0,0
0,0,0,0,0,0,0
0,0,0,0,0,0,0
0,0,0,0,0,0,0
0,11.1,0,0,1,0,0
0,0,0,0,0,0,0
0,0,0,0,0,0,0
28.7,0,14.2,1,0,1,0
0,0,0,0,0,0,0
19.9,16,36.5,1,2,1,1
16.6,0,0,2,0,0,1
0,0,0,0,0,0,0
0,0,0,0,0,0,0
0,0,0,0,0,0,0
97.6,0.6,21.6,1,3,3,2
55.4,0,0,1,0,0,0
9,2.9,0,2,2,0,1
0,34.5,0,0,4,0,1
0,0,0,0,0,0,0
0,0,4.3,0,0,1,0
0,0,0,0,0,0,0
0,15.9,0,0,1,0,0
0,0,0,0,0,0,0
12.4,14,9.7,2,2,1,2
40.4,0,37.2,1,0,1,0
0,0,15.3,0,0,1,0
0,0,0,0,0,0,1
51.6,40.5,45.8,4,4,5,3
0,0,7,0,0,1,0
0,3.5,48.7,0,1,2,0
23.8,4.3,0,1,1,0,1
10.5,0,9.9,1,0,1,0
0,35.8,0,0,2,0,1
0,0,0,0,0,0,0
41.4,38.3,61.2,1,1,1,1
0,0,0,0,0,0,0
51.4,6.3,23.4,5,4,3,3
0,0,40.3,0,0,1,0
0,0,0,0,0,0,0
0,0,0,0,0,0,0
0,6.3,7.9,0,1,1,0
2.7,0,0,2,0,0,0
0,0,0,0,0,0,0
0,5.5,0,0,1,0,0
0,0,0,0,0,0,0
0,0,0,0,0,0,0
10.7,18.2,0,2,2,0,0
0,0,0,0,0,0,0
0,0,0,0,0,0,1
0,0,0,0,0,0,0
18.9,11.5,29.1,2,1,1,0
0,0.4,0,0,1,0,1
0,0,0,0,0,0,0
0,0,0,0,0,0,0
5,0,0,1,0,0,1
5.7,0,0,1,0,0,0
0,0,0,0,0,0,0
0,0,0,0,0,0,0
0,14.2,0,0,1,0,0
0,0,0,0,0,0,0
0,15.2,0,0,1,0,0
0,0,0,0,0,0,0
11.2,4.7,0,1,1,0,0
0,0,0,0,0,0,0
0,0,0,0,0,0,0
44.6,0,0,1,0,0,0
0,0,0,0,0,0,0
0,0,0,0,0,0,0
0,0,0,0,0,0,0
0,0,0,0,0,0,0
0,0,0,0,0,0,2
40.1,1.7,8.8,3,3,1,2
11.5,0,0,1,0,0,1
0,0,0,0,0,0,0
43,24.8,18.1,3,5,1,0
0,0,8.1,0,0,1,1
0,0,0,0,0,0,0
0,0,0,0,0,0,0
28.9,0,0,1,0,0,0
48.7,7.6,8,1,2,1,1
0,0,0,0,0,0,0
0,0,2.7,0,0,1,0
0,9.7,0,0,1,0,0
0,0,0,0,0,0,0
45.5,5.4,17.7,2,1,2,1
15.3,39.6,32.8,1,1,1,0
0,0,0,0,0,0,0
0,0,0,0,0,0,0
37.7,9.2,5.3,1,1,3,3
0,0,0,0,0,0,0
0,0,0,0,0,0,0
0,0,0.9,0,0,1,0
0,0,0,0,0,0,0
0,0,0,0,0,0,0
77.6,29.1,17.3,3,5,3,3
0,0,0,0,0,0,0
3.2,0,0,1,0,0,0
0,0,0,0,0,0,0
0,0,0,0,0,0,0
0,12.1,0,0,1,0,0
0,0,0,0,0,0,0
35.2,26.9,34.7,1,5,1,0
0,0,0,0,0,0,0
0,12.3,0,0,2,0,0
0,0,0,0,0,0,0
15.4,6.1,0,1,1,0,0
0,0,0,0,0,0,0
96.9,0,17.4,7,0,5,4
21.2,0,5.7,2,0,1,1
0,0,0,0,0,0,0
60.2,4.4,11.4,2,4,5,0
0,0,0,0,0,0,0
4,0,0,1,0,0,0
0,0,3.9,0,0,1,0
0,0,0,0,0,0,0
41.1,0,0,1,0,0,0
0,0,0,0,0,0,0
0,0,0,0,0,0,0
0,0,0,0,0,0,0
0,0,0,0,0,0,0
0,0,0,0,0,0,0
0,0,0,0,0,0,0
0,5.4,0,0,2,0,0
0,0,0,0,0,0,0
0,0,6.7,0,0,1,0
0,0,0,0,0,0,0
29,0,0,1,0,0,0
8.1,21.9,0,3,3,0,0
0,0,0,0,0,0,0
23.5,0,0,1,0,0,0
18,3.9,79.1,3,7,1,3
0,0,0,0,0,0,0
31.4,23.6,95.8,2,2,2,1
0,0,12.7,0,0,3,2
0,10.6,12.5,0,2,1,1
0,90.2,2.8,0,1,2,0
18.7,0,0,1,0,0,0
0,0,0,0,0,0,0
0,0,0,0,0,0,0
0,0,0,0,0,0,0
0,0,0,0,0,0,0
0,17.3,0,0,2,0,0
25,7.9,49.2,1,1,1,0
0,0,0,0,0,0,0
15.4,28.9,23.3,1,1,1,4
0,0,0,0,0,0,0
0,8.2,16.3,0,4,4,2
64.9,1.2,18.6,4,3,1,3
0,0,0,0,0,0,0
6.3,29.9,0,4,1,0,0
60.6,47.2,34.6,2,1,2,0
0,0,0,0,0,0,0
7.9,0,0,1,0,0,0
0,0,0,0,0,0,0
0,0,0,0,0,0,0
1.2,0,0,2,0,0,1
0,0,0,0,0,0,0
13.3,0,0,1,0,0,2
0,0,0,0,0,0,0
0,6.5,24.4,0,1,3,1
18.3,15.7,7.9,1,2,1,0
61.4,30.9,0,1,2,0,0
20.5,0,10.6,1,0,1,0
0,0,0,0,0,0,0
27.4,18.3,0,1,1,0,0
0,0,0,0,0,0,0
98.9,15.2,39.3,1,2,3,2
0,0,0,0,0,0,0
29.4,82.2,9.8,2,4,1,0
0,0,0,0,0,0,1
15.4,0,18.9,1,0,1,0
0,0,0,0,0,0,0
0,0,0,0,0,0,0
0,8.6,21.2,0,1,1,1
0,0,0,0,0,0,0
57.8,37,0,2,1,0,1
0,0,0,0,0,0,0
0,19.1,0,0,1,0,0
0,0,18.2,0,0,1,1
0,21.4,0,0,1,0,0
0,29.4,0,0,1,0,1
0,0,0,0,0,0,0
0,0,0,0,0,0,0
40.5,0,6.2,1,0,1,0
0,0,0,0,0,0,0
0,0,0,0,0,0,0
9.1,0,0,1,0,0,0
0,1.8,0,0,1,0,0
0.7,0,0,1,0,0,0
0,0,0,0,0,0,0
0,0,0,0,0,0,0
1.5,0,0,3,0,0,0
16.4,2.4,7.7,2,1,1,0
0,0,0,0,0,0,1
13.4,77.8,0,2,3,0,1
43.3,12.5,16.8,2,4,2,0
0,0,0,0,0,0,0
0,0,0,0,0,0,0
0,0,0,0,0,0,0
0,0,2.6,0,0,1,1
3.6,24.1,0,1,5,0,1
0,0,0,0,0,0,0
2.5,0,0,1,0,0,1
12.1,0,0,1,0,0,0
0,0,0,0,0,0,0
0,0,0,0,0,0,0
0,0,0,0,0,0,0
27.3,0,7.5,3,0,1,0
13.6,3,30.6,2,3,1,2
0,0,0,0,0,0,0
0,14.2,13.3,0,3,3,4
0,0,0.1,0,0,1,0
0,16.3,0,0,2,0,0
29.5,0,0,2,0,0,0
0,14.5,35.7,0,1,1,1
0,0,0,0,0,0,0
36.7,29.7,22.4,1,2,1,2
0,0,0,0,0,0,0
0,0,0.2,0,0,1,0
0,0,0,0,0,0,0
42.5,4,23.6,1,2,2,0
0,0,0,0,0,0,0
0.2,0,0,3,0,0,1
28.2,0.3,14.5,1,2,2,0
0,106.5,0,0,1,0,0
0,0,0,0,0,0,0
0,0,35.2,0,0,1,2
0,0,0,0,0,0,0
0,0,0,0,0,0,0
53.3,0,13.2,3,0,3,1
0,28.1,20.6,0,1,2,3
0,1.4,1,0,5,3,3
51.1,12.9,39.5,1,1,1,3
46.9,32.2,73.2,3,2,4,3
28.4,24.3,73.6,2,1,2,0
24.9,10,19.8,2,1,1,0
52.9,2.2,18.7,7,6,5,4
19.6,0,0,3,0,0,2
0,0,0,0,0,0,0
29.5,6.5,0.3,1,2,1,1
0,0,0,0,0,0,0
0,0,0,0,0,0,2
24.9,10.1,0,5,3,0,0
20.6,28.7,0,3,1,0,0
0,3.3,0,0,2,0,0
11.3,21.1,9.1,3,2,1,5
65,34.4,2.5,2,2,4,0
0,14,0.7,0,2,1,1
18.6,0,3.2,1,0,1,0
24.5,13.2,0,1,2,0,1
0,0,0,0,0,0,0
0,0,0,0,0,0,0
4.7,38.4,0,1,4,0,2
0,4.7,6.1,0,2,3,0
32.3,71.2,1.1,1,3,2,0
0,0,0,0,0,0,0
0,8.6,25,0,1,1,1
0,0,99.7,0,0,1,0
0,0,0,0,0,0,0
12.6,0,0,3,0,0,0
0,0,0,0,0,0,0
0,0,0,0,0,0,0
14.5,7.3,4.8,1,1,1,1
40.8,13.9,27.2,4,3,2,3
31.7,0,0,2,0,0,3
0,0,0,0,0,0,0
28.7,0.8,7.7,3,2,2,2
18.9,56.5,0,2,1,0,0
12.5,5.6,0,2,2,0,0
0,0,0,0,0,0,0
39.4,6.9,5.5,3,1,1,0
10.9,68.2,1.5,2,2,1,0
24.5,1.2,15.5,6,1,2,0
0,16.5,19.3,0,4,2,1
0,69,0,0,1,0,0
27.8,8.6,0.8,2,5,2,4
24.1,0,0.9,1,0,2,0
60.6,0.4,3.7,4,5,5,1
0,0,0,0,0,0,0
70.3,0,0,1,1,0,0
0,0,0,0,0,0,2
21.4,10.8,7.1,1,5,1,1
0,0,0,0,0,0,0
0.8,69,0,4,2,0,2
34.5,8.1,5.3,1,1,2,0
0,159.1,0,0,1,0,0
0,0,0,0,0,0,1
0,11.4,0,0,1,0,0
10.4,0,0,3,0,0,1
0,0,0,0,0,0,0
0,0,0,0,0,0,1
47.6,0,20.9,1,0,3,4
0,0,0,0,0,0,0
0,0,0,0,0,0,0
21.1,5.8,0,1,1,0,1
27.9,80.6,42.5,5,1,1,3
0,0,14.8,0,0,1,0
57.7,4,0,1,2,0,1
34.4,0.5,7.2,4,3,3,1
0,0,0,0,0,0,0
33.7,6.5,28.1,1,3,3,3
0,7.4,8.7,0,2,2,0
10.6,1.2,0,3,3,0,0
51.6,31.8,27.6,14,6,3,3
0,0,0,0,0,0,1
1.3,0,0,2,0,0,0
3.6,0,0,1,0,0,0
56.5,0.8,4.2,6,1,2,0
0,0,0,0,0,0,0
64,0.3,2.9,2,5,5,4
12.5,0,4,1,0,1,2
26.7,10.3,4.8,2,6,2,3
64.4,0,24,3,0,2,1
24.5,25.9,0.8,1,2,1,3
9.7,0,0,1,0,0,1
0,0,0,0,0,0,0
0,0,0,0,0,0,0
0,0,0,0,0,0,0
0,0,0,0,0,0,0
0,0,0,0,0,0,0
0,0,0,0,0,0,0
0,0,0,0,0,0,0
0,0,0,0,0,0,0
0,0,0,0,0,0,0
0,10.8,14.3,0,1,2,0
22.1,7.2,19.6,1,1,1,0
19.1,0,6.7,1,0,1,0
0,39.6,0,0,2,0,0
0,0,2.1,0,0,1,0
40.6,0,0.9,2,0,2,2
0,0,58,0,0,1,1
0,0,37.4,0,0,1,0
0,0,0,0,0,0,0
0,13.9,0,0,1,0,0
0,0,0,0,0,0,0
0,0.6,0,0,1,0,1
10.6,0,1.7,1,0,1,0
5.2,18.9,0,7,2,0,0
0,0,0,0,0,0,2
0,49.2,0,0,1,0,0
0,0,0,0,0,0,0
27.3,0,6.9,1,0,2,1
24,0.7,64.6,4,4,2,0
14.2,4.5,4.1,3,1,1,1
42.4,0,0,1,0,0,0
0,0,0,0,0,0,0
0,34.3,79.6,0,1,1,0
15.9,7,0.6,1,3,1,5
36.8,0,3.6,1,0,2,2
0,0,0,0,0,0,0
56,0,0,1,0,0,0
33.5,4.9,0,2,1,0,0
26.8,0,0,2,0,0,0
0,0,0,0,0,0,0
0,9.7,13.6,0,1,2,0
0,64.3,0,0,1,0,0
1.5,37.6,0,2,3,0,0
50.9,6.3,12.1,7,4,5,4
39.4,6.9,0,4,3,0,0
5.3,44.5,0,1,1,0,0
31.7,7.2,0,4,3,0,0
0,0,0,0,0,0,0
0,0,9.4,0,0,1,1
90.6,28.7,26.7,6,6,7,4
3.4,0,0,1,0,0,0
23.2,2.5,29.6,1,2,2,0
38.4,1.3,10.1,4,3,3,2
13.1,0,7.5,1,0,1,0
2.2,1.1,0,5,2,0,0
15.9,6.5,16.6,4,2,1,4
0,2.7,60.7,0,1,3,4
0,2.4,0,0,1,0,1
12,60.1,7.6,3,1,1,0
13.6,12.3,54.9,1,2,1,1
40.3,8.2,55.1,4,2,2,2
16,0,0,2,0,0,1
0,0,0,0,0,0,0
46.8,101.7,4,1,1,4,0
8.7,29.1,0,3,1,0,1
0,0,0,0,0,0,0
0,0,0,0,0,0,0
0,0,0,0,0,0,0
0,0,0,0,0,0,0
7.4,0,0,1,0,0,1
0,0,0,0,0,0,0
34.9,4.4,4.5,2,5,2,0
17.8,0,0,1,0,0,0
12.2,0,0,2,0,0,0
0,0,0,0,0,0,0
20.6,0,0,1,0,0,0
0,0,0,0,0,0,1
113.4,28.9,0,1,1,0,0
0,3.9,0,0,1,0,1
27.8,0,0,3,0,0,0
44.5,0,32.3,1,0,1,2
0,22.8,0,0,1,0,0
0,37.1,0,0,2,0,0
0,0,0,0,0,0,0
0,11.7,0,0,3,0,1
22.9,6.2,50.9,1,4,1,3
16.6,8.6,13.9,3,2,1,1
0,3.1,0,0,1,0,0
0,0,0,0,0,0,0
7.4,0,0,1,0,0,0
40.4,6.5,27.9,7,4,4,1
0,0,34.6,0,0,1,2
1,0,0,1,0,0,0
19.6,29.3,10.4,4,3,1,3
9,0,0,1,0,0,0
19.6,0,1.6,2,0,1,2
11.5,0,0,3,0,0,0
35.2,37,7.9,7,3,3,1
0,2.7,56.6,0,3,1,1
24,12.7,0.5,2,1,2,0
0,0,13.2,0,0,1,0
0,0,0,0,0,0,0
0,0,3.1,0,0,1,0
0,0,0,0,0,0,1
6.9,3.3,0,2,1,0,0
54.4,15.2,58.3,4,4,3,2
43.3,13.8,9.2,2,6,4,1
0,12.9,0,0,2,0,0
35,2.9,0,2,2,0,0
16.2,52.8,0,1,1,0,0
0,7.3,0,1,1,0,0
0,10.8,0,0,1,0,0
0,13.2,0,0,1,0,1
0,12.7,0,0,1,0,3
0,0,0,0,0,0,0
0,0,0,0,0,0,0
56,49.1,70.3,3,5,5,6
25.9,57.4,24.9,5,6,2,1
0,0,0,0,0,0,0
21.9,0,49.4,2,0,1,0
0,9.7,0,0,1,0,0
32.1,0,0,1,0,0,0
0,41.8,27.5,0,6,2,1
0,0,0,0,0,0,0
0,0,0,0,0,0,0
0,0,0,0,0,0,1
0,0,0,0,0,0,0
0,3.7,13.6,0,2,1,1
0,0,0,0,0,0,0
0,0,0,0,0,0,0
48,2,3.9,3,1,3,1
0,65.8,13.4,0,2,3,3
47.7,12,0,1,1,0,1
0,0,0,0,0,0,0
0,0,0,0,0,0,0
0,0,25.4,0,0,1,0
0,0,0,0,0,0,0
43.3,0,13.1,2,0,2,0
15.6,18.5,0,1,3,0,1
0,17.1,0,0,1,0,0
13.5,10.3,0,2,1,0,0
53.9,11.2,42.9,3,1,1,1
67.9,18.6,8.7,2,1,1,3
0,4.7,13.2,0,2,1,0
0,0,0,0,0,0,0
0,0,21.4,0,0,2,3
0,0,6.6,0,0,1,3
0,0,0,0,0,0,0
35.7,10.9,55.1,1,1,3,1
43.6,67,6.6,1,5,3,3
35.7,39,7.7,2,4,1,0
71.6,2.5,8.3,1,2,4,0
50.1,11.1,0,3,1,0,0
0,0,0,0,0,0,0
75.7,33.3,61.8,3,3,3,2
0,0,0,0,0,0,0
12.3,20.3,0,1,2,0,0
36.5,3.1,4.1,2,3,2,2
14.7,8.5,0,7,1,0,0
10.6,24.4,3.7,2,1,1,0
64.1,0,1.1,1,0,1,1
0,0,0,0,0,0,0
0,14.2,14.5,0,3,2,5
13.6,0,0,1,0,0,1
13.2,5.1,21.1,1,1,1,0
0,0,0,0,0,0,0
32.7,78.6,13.6,1,2,1,1
23.7,36.5,103.9,3,1,1,1
0,0,0,0,0,0,0
0,0,44,0,0,1,1
0,23.6,1.8,0,2,1,0
39.6,0,0,1,0,0,1
0,21.7,6.5,0,5,4,3
0,12.7,32.3,0,3,1,0
66.2,11.7,14.3,1,4,4,3
0,0,0,0,0,0,0
73.4,10.1,27.1,4,7,7,6
0,49.8,0,0,1,0,0
3.6,2.1,0,3,3,0,0
13.6,3.8,56.5,4,1,1,0
0,0,0,0,0,0,0
0,0,0,0,0,0,0
10.1,2.1,0,1,3,0,2
0,0,28.7,0,0,1,0
0,29.2,1.9,0,2,4,2
0,0,0,0,0,0,0
0,0,12.2,0,0,1,1
0,0,0,0,0,0,0
45.2,21.2,13.2,4,5,2,5
24,14.6,20.7,1,3,2,2
0,6.7,0,0,1,0,0
0,1.5,0,0,2,0,1
10.9,0.8,0,2,2,0,2
0,46.1,0,0,1,0,0
0,0,0,0,0,0,0
83.6,2.2,2.2,3,4,5,4
40.6,11.8,28.1,4,1,2,0
48.7,20.2,27.4,2,1,2,0
18.4,13.7,0,3,4,0,2
0.9,7.3,0,1,1,0,0
0,0,29.2,0,0,1,3
39.4,23,0,2,1,0,0
12.3,4.7,0,3,1,0,0
11.6,20,13.9,3,1,1,2
0,0,0,0,0,0,0
0,0.6,0,0,2,0,3
71,5.3,39.7,1,4,6,7
0,0,0,0,0,0,0
9.3,35.8,0,2,3,0,0
0,10.6,31.8,0,5,1,0
0,0,0,0,0,0,0
61.8,5.9,21.1,1,2,2,1
0,0,1.5,0,0,2,0
0,0.3,15.6,0,1,3,0
0,0,0,0,0,0,0
0,28.4,1.6,0,2,1,0
50.3,0,6.9,2,0,1,0
0,0,0,0,0,0,0
55.1,43,2.5,2,2,2,0
7.5,0,0,1,0,0,0
0,0,0,0,0,0,0
0,0,0,0,0,0,0
12.4,0,0,1,0,0,0
0,0,0,0,0,0,1
0,26.2,29.6,0,2,4,2
10.9,7,0,7,4,0,2
0,0,0,0,0,0,0
92.6,0,35.8,1,0,3,0
21.4,0,0,1,0,0,1
0,0,2.9,0,0,1,0
21.1,73.9,23.5,3,4,2,2
131.5,3.2,4.8,7,3,5,4
28,0,5.7,1,0,1,0
0,0,0,0,0,0,0
23.1,43.2,14.4,2,3,1,0
14.9,12.3,22.9,2,5,1,2
0,0,0,0,0,0,0
0,0,20.7,0,0,2,1
3.9,60.4,0,5,1,0,1
40.8,7,34.9,2,2,1,3
0,0,51.8,0,0,2,0
0,0,0,0,0,0,0
11.9,0,2.5,1,0,1,1
0,34.5,0,0,1,0,0
9.8,0,0,3,0,0,0
0,0,0,0,0,0,0
0,0,18.3,0,0,1,0
0,11.3,6.4,0,1,3,1
0,0,0,0,0,0,0
0,0,0,0,0,0,0
13.3,10,0,1,1,0,0
0,0,3.1,0,0,2,1
0,0,0,0,0,0,0
0,0,0,0,0,0,0
0,0,0,0,0,0,0
58.4,40.6,18.4,2,1,1,0
3.5,0.1,0,1,1,0,1
3.8,31.7,0,4,5,0,0
0,47,2.6,0,2,2,0
94.3,40.7,0,3,1,0,1
0,12.9,10.4,0,1,1,1
13.5,0,0,1,0,0,0
21.5,0,12.7,1,0,2,0
0,0,0,0,0,0,0
28.9,9.8,29.7,2,2,1,0
10.1,15.8,0,1,1,0,0
0,0,0,0,0,0,0
9.1,0,0,2,0,0,0
0.5,34.6,0,2,2,0,0
4.4,87.5,0,1,3,0,0
0,0,9.7,0,0,1,0
0,0,0,0,0,0,0
2,0,0,3,0,0,0
60.6,10.3,2.7,1,5,6,4
33.8,0,22,2,0,2,2
12.2,0,0,2,0,0,0
9.4,8.7,0,2,3,0,0
0,1.2,0,0,1,0,2
0,64.4,0,0,1,0,1
24.4,0,0,2,0,0,0
27.9,2.3,0,2,2,0,0
47.4,19.4,0,3,4,0,2
0,34.4,0,0,1,0,0
0,31.4,0,0,3,0,0
12.6,2.9,10.9,2,3,1,0
0,37,11.6,0,1,1,0
0,0,0,0,0,0,0
42.2,6.8,10.3,7,8,3,5
0,0,45.7,0,0,2,0
0,0,0,0,0,0,0
69.1,0.2,13,1,3,2,3
9.3,35.4,0,3,3,0,0
30.4,29.9,38.1,3,2,3,2
0,25.6,0,0,4,0,0
53.8,0,47.8,2,1,4,1
7.4,10.5,0,1,1,0,0
0,0,0,0,0,0,0
50.1,10.3,3.5,2,5,1,0
0,2.2,75,0,1,1,0
0,36.1,0,0,1,0,0
5.2,0,0,1,0,0,0
14.4,2,41,2,2,1,0
18.3,4.3,0,2,1,0,1
60.8,1.3,0.9,3,1,4,2
0,0,0,0,0,0,0
29.4,14.5,5,1,1,1,2
11.7,13.4,12.3,4,3,1,0
0,0,0,0,0,0,1
0,2.2,9.5,0,3,1,1
10.6,0,0,2,0,0,0
72.1,9.3,52.4,2,1,1,1
52.6,0.6,1.7,6,3,5,0
0,0,0,0,0,0,0
0,0,32.9,0,0,1,0
0,17.1,0,0,1,0,0
0,0,0,0,0,0,0
0,0,13.6,0,0,1,2
41.9,9.1,35.9,1,3,2,3
0,0,0,0,0,0,0
0,0,0,0,0,0,0
10.6,8.6,60.9,3,3,1,0
0,0,0,0,0,0,0
29.2,5.7,11.7,5,3,2,3
53.1,15.6,1.5,5,3,5,2
0,9.8,0,0,1,0,0
0,9.3,20.6,0,1,1,0
56,5.3,1.9,5,5,5,3
0,0,0,0,0,0,0
45.2,22.6,17.2,5,2,3,2
51.2,27.3,16.7,3,1,1,2
0,0,0,0,0,0,0
34.4,17,0,1,1,0,0
0,8,0,0,1,0,1
0,0,0,0,0,0,0
0,5.7,0,0,1,0,1
38,8.7,3.9,4,1,3,2
6.4,17.5,0,6,3,0,0
0,0,0,0,0,0,0
0,7.7,0,0,1,0,0
0,0,15.3,0,0,5,10
0,0,0,0,0,0,0
0,0,0,0,0,0,0
0,0,23.3,0,0,1,0
0,0,0,0,0,0,0
0,0,0,0,0,0,0
0,0,0,0,0,0,1
0,0,0,0,0,0,0
78,6,0,3,1,0,0
4.2,0,0,3,0,0,0
0,0,0,0,0,0,0
0,0,0,0,0,0,0
2.4,0,0,1,0,0,0
27.1,2.3,0,3,1,0,1
34.4,0,5.7,2,0,2,2
36.1,10.2,0,3,2,0,1
0,5.4,0,0,2,0,0
0,0,0,0,0,0,0
0,0,0,0,0,0,0
69.7,0,0,1,0,0,0
0,0,6.3,0,0,1,0
39.1,26,0.8,3,1,2,0
0,72.1,0,0,1,0,0
37.8,16.5,0,2,2,0,0
69.3,24.9,23.7,3,2,5,2
0,0,28,0,0,1,0
84.3,29.9,16,4,1,3,1
51.6,8.1,2.5,1,5,1,0
48.2,21.7,9.8,1,2,3,0
0,11.9,0,0,2,0,1
0,0,0,0,0,0,0
28.4,24.2,14.6,2,5,2,4
0,0,0,0,0,0,0
28,1.4,8.4,2,1,1,0
57.4,0,17.9,1,0,1,1
0,0,5.9,0,0,1,1
29,21.7,5.6,2,2,2,2
29.9,0,9.5,1,0,1,0
0,0,0,0,0,0,0
0,33.7,9.5,0,1,2,0
0,4.5,0,0,1,0,0
20,28,6.7,2,2,1,2
9.4,0.1,0,4,4,0,2
34.1,0,42.7,1,0,1,1
0,9.6,0,0,1,0,1
0,2.6,8.5,0,1,2,1
29.6,12.7,24,6,6,1,0
0,0,0,0,0,0,0
4.6,0,0,3,0,0,0
42.4,11.6,77.4,2,9,2,4
0,9,23.9,0,3,1,0
12.2,0,0,1,0,0,0
0,0,0,0,0,0,0
67.7,1.6,7.2,6,4,4,4
0,1.4,31.1,0,1,2,0
53.3,41,29,5,3,3,3
0,4.8,0,0,2,0,1
38.1,28.8,7,3,1,1,3
0,0,0,0,0,0,0
113.8,0,4.1,1,0,4,2
1.8,13.9,0,1,2,0,0
0,19,2.2,0,1,2,0
42.8,0,0,2,0,0,1
87.8,18.1,24.6,5,4,1,3
107.8,0.4,30.8,3,1,3,3
11.2,18.1,0,2,5,0,0
35.2,0,18.6,1,0,3,2
0,51.7,0,0,1,0,1
0,0,0,0,0,0,0
11.1,5.9,5.7,1,1,1,0
36.4,2.8,14.3,2,1,3,2
63.6,0,0,1,0,0,0
7.9,3.9,0,4,1,0,1
0,0,0,0,0,0,0
37.4,3.2,25,1,3,2,0
22.7,14.6,21.2,4,1,1,3
129.9,12.3,0.3,6,4,8,1
68.1,29.1,51.6,4,5,4,2
77.5,7.9,0,3,2,0,0
0,0,0,0,0,0,0
2.6,8.7,0,4,2,0,0
8.3,30.6,0,1,1,0,1
0.3,0,0,2,0,0,0
0,0,150.3,0,0,3,0
29.2,10.3,3.2,2,2,1,0
11.8,0.5,9.4,1,2,1,2
0,30.3,0,0,2,0,1
42.8,22.8,11.7,6,2,4,1
32.7,0,12.1,2,0,2,0
43.8,4.1,0.8,3,4,4,2
69.4,59.2,4.3,8,5,6,3
0,2.5,2.1,0,1,2,0
0,0,0,0,0,0,0
62.5,6.8,18.5,5,10,6,3
43,0,13.1,3,0,3,1
20.9,6.7,46.9,2,1,2,1
32.5,0,0,1,0,0,0
0,3.6,80,0,1,1,1
0,0,0,0,0,0,0
1.1,0,0,1,0,0,1
38.5,0,0,1,0,0,1
114.7,17.5,20.8,1,3,2,1
0,0,0,0,0,0,0
10.4,34.9,0,1,1,0,0
20.4,7.8,6.9,2,2,1,1
36.6,6.6,0,1,2,0,0
8.2,0,0,1,0,0,0
36.5,9.2,2.9,3,5,3,4
24.9,13.2,0,4,1,0,0
0,8.3,0,0,1,0,0
15.6,5.9,0,1,2,0,1
0.3,0,0,1,0,0,1
18.6,1.4,0,2,2,0,2
10.2,10,19.1,3,2,1,0
8.4,9.7,0,2,1,0,0
21.9,10.3,3.1,2,5,2,0
0,13,0,0,2,0,0
0,2.1,0,0,4,0,0
1.3,34.8,0,1,1,0,0
32.9,1.9,5.1,5,9,2,0
20.3,12.8,19.2,3,2,1,1
31.5,36,2.3,4,6,2,2
20.6,24.2,10.7,1,1,1,0
0,13.3,0,0,2,0,0
0,0,41.6,0,0,1,0
0,0,0,0,0,0,1
0,44.9,59.8,0,1,1,0
24.4,0,3.1,1,0,2,2
0,0,0,0,0,0,0
0,0,0,0,0,0,0
0,0,0,0,0,0,0
0,0,0,0,0,0,0
0,0,35.7,0,0,3,0
0,10,22.8,0,3,3,1
0,0,0,0,0,0,0
0,0,0,0,0,0,0
0,27.8,0,0,1,0,2
0,0,0,0,0,0,0
35.3,69.6,1.7,6,4,3,6
21.6,70.1,0,1,1,0,1
0,0,2.4,0,0,2,0
16.4,0,0,1,0,0,5
0,0,0,0,0,0,0
0,0,0,0,0,0,0
22.3,3.2,28.6,1,1,2,1
0,0,0,0,0,0,0
0,0,0,0,0,0,1
0,0,10.6,0,0,4,0
24.7,0,59.5,1,0,1,2
24.1,14.4,0,3,3,0,2
4.1,15.1,0,1,1,0,0
21,0,22.5,3,0,1,0
0,0,0,0,0,0,0
10.5,10.4,0,1,1,0,2
23.9,0,2.2,2,0,1,0
31.8,23.5,17.5,2,2,2,2
0,0,0,0,0,0,0
44,0,0,1,0,0,1
21.4,23.1,15.4,2,1,2,1
41.8,28.5,34.5,1,1,2,0
145.7,12.9,11,3,4,1,0
113.7,0,39.1,3,0,2,1
59.7,16,0,2,1,0,1
40.7,13.1,8.5,1,1,2,2
0,15.6,0,0,1,0,0
19.2,0,14.7,1,0,1,3
45,55.1,40,6,2,3,0
0,1.8,0,0,2,0,0
4.7,11.5,0,2,2,0,0
108.3,2.9,15.8,4,6,10,2
0.1,25.2,0,7,7,0,2
0,5.5,26.5,0,1,1,0
47.2,1.1,3,3,2,4,4
0,27,0,0,2,0,0
7.5,0,0,1,0,0,0
0,0,0,0,0,0,0
42.8,53.2,0.8,3,3,2,0
0,0,0,0,0,0,0
17.6,0,0,3,0,0,0
0,0.3,11,0,1,1,0
0,19.9,0,0,1,0,0
0,24.9,0,0,3,0,0
9.2,16,0,3,2,0,1
0,0,0,0,0,0,0
0,16,51.7,0,1,2,1
35.7,4.4,0,2,1,0,0
0,9,0,0,1,0,0
4.3,0,0,1,0,0,0
84,5.6,0,3,3,0,1
0,0,0,0,0,0,0
0,43.1,2.5,0,1,1,0
54.2,1.5,5.5,4,3,2,1
19.4,0,13.8,2,0,1,3
0,0,0,0,0,0,0
36.1,41.5,8.9,3,3,1,0
0,6.8,15.5,0,1,1,2
0,0,0,0,0,0,0
20.8,35.4,57.1,3,3,2,2
23.6,9.4,0,2,1,0,3
91.8,10.7,29.2,1,1,1,2
18.1,35.1,15.8,1,2,1,0
57.2,25.7,31,2,2,1,1
20.9,0,0,1,0,0,0
24.1,31,4.8,4,1,1,2
0,0,23.2,0,0,8,0
0,0,0,0,0,0,0
20.4,5.5,22.6,2,1,1,2
9.3,10.4,0,2,2,0,0
43,73.7,20.2,2,1,2,1
0,43.9,0,0,1,0,1
17.3,0,50.2,2,0,1,2
17.1,28.5,3.4,1,2,1,1
0,0,0,0,0,0,0
1.9,0,0,3,0,0,0
0,0,0,0,0,0,0
1.4,24,0,3,1,0,0
0,0,9.9,0,0,2,0
77.9,24.3,9.2,6,3,3,4
0,0,0,0,0,0,0
0,0,21.1,0,0,1,0
0,5.7,0,0,2,0,0
121.9,20.6,25.4,7,10,6,4
13.2,11.5,0,4,1,0,1
0,0,0,0,0,0,0
25.6,1.3,12.1,5,6,2,3
0,0,0,0,0,0,0
11.4,0,104.3,1,0,1,0
0.8,1.1,0,4,1,0,1
3,0,0,1,0,0,0
0,0,36.7,0,0,1,2
0,3.1,2.2,0,2,4,1
35,1.1,0.3,1,4,3,1
41.3,2.1,41.5,3,1,2,1
31,0,64.8,3,0,1,0
0,0,15.4,0,0,2,2
3.2,0,0,1,0,0,0
0,0,0,0,0,0,0
2.2,0,0,1,0,0,0
5.4,13.4,0,5,4,0,0
0,0,0,0,0,0,0
0,0,0,0,0,0,0
0,0,0,0,0,0,0
19.2,11.4,12.5,1,3,1,0
0,0,0,0,0,0,0
6.9,8.1,0,6,1,0,2
0,0,0,0,0,0,0
0,0,0,0,0,0,0
0,3.4,0,0,1,0,3
0,0,7.6,0,0,1,0
5.4,0,0,2,0,0,1
32.6,19.4,37.4,5,4,3,5
0,0,0,0,0,0,0
47.8,27,12,3,8,4,2
81.7,17,7.8,3,4,5,5
0,0,0,0,0,0,0
0,0,0,0,0,0,0
0,14.7,0,0,1,0,0
24.3,0,0,2,0,0,0
0.5,0,0,2,0,0,0
0,0,0,0,0,0,0
0,0,0,0,0,0,0
0,17.6,17.5,0,1,1,0
52,26.9,19.1,2,3,3,4
0,0,0,0,0,0,1
0,0,0,0,0,0,0
10.4,2.8,0,2,2,0,0
34.5,10.1,5.2,3,1,3,5
0,29.6,17,0,1,2,2
10.5,7.1,18.3,5,5,1,1
40.2,7.3,0,6,7,3,1
0,0,0,0,0,0,0
10.1,0,0,2,0,0,1
24,40.2,0,1,1,0,0
77.4,3.1,5.7,1,2,6,3
13.8,41.3,33.5,5,3,1,1
31.4,16,2.1,5,2,1,0
59.9,21.7,17.8,12,5,5,6
11.4,0,0,2,0,0,0
24.2,0,1,1,0,1,3
10.3,2.4,4.1,3,1,1,3
0,15.9,0,0,1,0,1
0,34.3,0,0,1,0,0
29.6,0,0,1,0,0,0
23.6,0,13.2,1,0,1,0
0,0,0,0,0,0,0
0,0,0,0,0,0,3
0,0,0,0,0,0,0
0,0,0,0,0,0,0
8,1.3,0,1,1,0,0
72.9,0,6.4,13,0,7,11
0,5.6,0,0,1,0,0
0,0,0,0,0,0,0
17.9,5.3,0,2,2,0,0
70.3,17,2.7,1,3,3,2
14.2,0.1,0,1,1,0,0
44.9,41.9,0,1,1,0,4
48.7,8.9,21.3,5,2,1,0
0,0,17.3,0,0,4,0
0,41.1,0,0,1,0,0
0,0,0,0,0,0,0
32.9,4.7,30.3,3,4,2,2
0,16.2,0,0,1,0,0
0,0.8,0,0,1,0,0
0,0,0,0,0,0,0
0,26.8,0,0,2,0,0
25.7,0,12,1,0,1,0
19.8,2.4,0,1,2,0,0
53.4,0.1,55.9,2,5,4,1
0,79.4,5.5,0,2,1,0
0,0,0,0,0,0,0
14.4,0,0,1,0,0,0
0,0,0,0,0,0,1
0,10.6,0,0,1,0,0
0,0,1.5,0,0,1,0
0,0,0,0,0,0,0
0,0,0,0,0,0,0
0,133.8,3.2,0,3,2,1
46,9.8,31.9,5,4,4,6
56.8,0,0,1,0,0,0
16.9,10.6,16.9,2,2,1,0
14.8,0.1,13.1,1,1,1,2
52.8,0.1,0.1,1,2,2,2
16.8,1.5,0,8,8,0,0
36.6,0,22.7,1,0,2,1
45.6,4.2,32.5,2,1,3,0
23.1,36.3,2.1,2,5,2,0
23.2,6.3,6.2,4,4,2,4
0,0,0,0,0,0,0
43.4,11.2,3.5,1,4,3,1
10.8,30.8,0,1,3,0,1
0,0,18.5,0,0,4,2
27,0,0,1,0,0,2
65.2,0,0,2,0,0,0
48.3,6,8.3,1,2,2,2
0,0,0,0,0,0,0
18.2,0,0.6,2,0,1,0
57.6,26.4,36.5,11,11,5,1
0,0,0,0,0,0,0
0,3.3,14.7,0,1,2,4
0,0,29.7,0,0,3,0
2.6,0,0,1,0,0,0
23.5,0,48.3,1,0,1,0
54.8,0,0,2,0,0,0
30.1,2.5,44.2,4,3,3,2
31.1,8.3,11.7,1,1,1,2
0,0,0,0,0,0,0
78.4,14.6,1.5,8,7,6,7
0,0,0,0,0,0,0
10.4,12.6,0,2,2,0,1
12.7,34.3,41.7,2,2,1,1
11.7,0,5.3,1,0,1,0
34.6,25.5,13.2,1,1,2,0
33.9,21.3,11.3,3,5,3,4
2,0,0,1,0,0,0
0,0,0,0,0,0,0
21.1,5,0,2,1,0,1
21.7,7.1,11.8,1,1,2,3
10.9,0,0,4,0,0,0
0,0,0,0,0,0,0
10.5,0,0,2,0,0,1
9.5,11.5,0,1,3,0,1
0,0,0,0,0,0,0
62.6,0,6.7,2,0,2,0
4.3,21.5,0,4,2,0,0
0.8,22.8,0,1,2,0,2
0,0,0,0,0,0,1
43.6,0,20.6,2,0,2,0
0,4.7,0,0,1,0,0
0,13.2,0,0,2,0,0
36.6,37.6,19.2,2,1,3,0
0,13.6,0,0,1,0,0
0,0,0,0,0,0,2
53.7,0,2.5,3,0,1,1
62.7,12.9,16.5,2,2,5,4
25.6,76.2,1,4,3,2,2
0,0,0,0,0,0,0
0,0,0,0,0,0,0
72.5,5.6,0,1,1,0,1
0,0,0,0,0,0,0
0,0,0,0,0,0,0
0,0,0,0,0,0,1
66.4,8.7,42.5,1,1,1,0
53,0,22.1,1,0,1,0
15.7,0,0,1,0,0,0
110.8,84.9,17.3,7,6,8,1
0,9,0,0,1,0,1
30.5,0,0,1,0,0,1
2.4,0,0,1,0,0,0
6.7,0,0,1,0,0,0
0,0,0,0,0,0,0
0,0,0.4,0,0,1,0
28.2,62.2,45,1,1,2,0
28.1,8.4,26.6,7,8,2,3
0,0,0,0,0,0,0
38,4.7,3.5,3,6,2,3
0,0,0,0,0,0,0
0,9.9,5.4,0,1,1,0
0.9,0,0,3,0,0,1
82.8,29.2,0.9,7,6,7,9
0,1.4,0.8,0,3,2,2
73.7,12.1,18.1,1,6,7,4
0,0,0,0,0,0,0
21.6,0,0,1,0,0,1
28.9,0,78.1,3,0,2,0
11.3,1.6,32.8,3,3,1,2
23.8,0,6.6,3,0,1,0
0,0,0,0,0,0,0
0,5.5,0,0,1,0,0
7.3,62.7,0,1,1,0,0
0,0,0,0,0,0,0
27.9,12,11.5,3,1,1,0
0,11.9,20.2,0,1,1,0
26,1.6,0,2,2,0,1
20.6,94.4,73.7,1,1,1,1
0,4.6,0,0,5,0,0
31.9,2.7,2.2,6,3,2,3
0,2.2,28.5,0,1,1,0
43.1,0,0,2,0,0,0
55.1,17,11.6,2,2,4,0
0,0,0,0,0,0,0
0,0,0,0,0,0,0
0,0,0,0,0,0,0
40.8,14.9,4.5,1,3,2,0
0,0,0,0,0,0,0
0,0,0,0,0,0,1
0,0,0,0,0,0,0
0,19.1,7.6,0,3,2,1
0,0,0,0,0,0,0
0,0,10.8,0,0,1,0
14.7,0,49,1,0,1,0
0,0,0,0,0,0,0
66.7,54.4,23.6,1,4,4,8
0,0,0,0,0,0,0
20.2,25.1,12.4,2,4,2,2
0,0,0,0,0,0,0
1.2,36.2,0,2,2,0,0
43.5,0,0,1,0,0,0
0,0,0,0,0,0,0
0,0,17.8,0,0,1,1
0,0,0,0,0,0,0
9,48.3,0,1,1,0,0
0,0,0,0,0,0,0
0,0,0,0,0,0,0
0,0,0,0,0,0,0
0,0,0,0,0,0,0
0,5.4,0,0,2,0,0
21.4,3.4,0,2,1,0,0
0,0,0,0,0,0,0
0,0,0,0,0,0,0
0,0,0,0,0,0,0
3.3,0,0,1,0,0,1
0,0,0,0,0,0,0
0,3.5,0,0,2,0,0
0,0,0,0,0,0,0
0,0,0,0,0,0,0
0,6.3,51.9,0,1,1,0
0,0,0,0,0,0,1
0,0,0,0,0,0,0
40.2,24.6,28.8,6,3,3,2
49.2,0.7,17.7,2,2,3,1
0,0,0,0,0,0,0
0,0,0,0,0,0,0
0,0,0,0,0,0,0
0,0,0,0,0,0,0
13.3,0,3.2,1,0,1,1
0,0,0,0,0,0,0
69.9,13.9,0,4,1,0,6
36.5,0,10.2,2,0,3,1
0,0,0,0,0,0,0
22.4,62.2,0,2,1,0,2
48.3,0,23,1,0,1,0
0,0,0,0,0,0,0
27.3,5.8,5.3,3,1,1,0
0,44.4,0,0,2,0,1
86.5,30.1,0.5,2,2,2,2
6.7,0,0,1,0,0,0
0,4.9,0,0,2,0,0
0,0,0,0,0,0,0
0,0,0,0,0,0,1
0,0,0,0,0,0,0
0,0,0,0,0,0,0
0,0,0,0,0,0,0
0,0,0,0,0,0,0
0,0.1,0,0,2,0,0
55.5,25.1,2.8,2,2,5,6
43.2,0.2,24.4,2,2,4,3
0,1.1,26.7,0,1,1,0
0.1,54.3,0,1,3,0,0
0,16.5,0,0,2,0,0
39.8,6.1,2.3,1,1,2,0
24.4,12.3,0,1,1,0,0
0,6.8,0,0,2,0,1
10.1,21,0,2,1,0,1
40.6,13.7,15.6,3,3,1,1
0,0,33.2,0,0,2,0
0,0,0,0,0,0,3
18.8,0,0,1,0,0,0
47.9,30.4,13.7,2,1,3,2
52.5,26.2,6.8,4,4,3,1
0,0,0,0,0,0,0
0,2.1,122.2,0,2,2,0
29.9,26.5,20.3,3,2,1,2
0,0,0,0,0,0,0
0,0,0,0,0,0,0
25.1,8.7,13.5,5,1,1,1
0,0,0,0,0,0,0
0,0,0,0,0,0,0
13,27.8,0,3,2,0,0
37.1,22.2,10.6,2,3,2,1
10.8,0,5.5,1,0,1,0
13.8,17.6,62.5,1,1,1,0
134.9,26.3,0,5,5,0,0
0,6.7,13,0,1,1,3
0,1.5,0.7,0,2,2,1
0,0,0,0,0,0,0
0,0,0,0,0,0,0
52.5,5.3,24.8,4,1,1,2
24.8,0,16.3,3,0,2,0
0,2.8,75.7,0,2,2,2
0,0,0,0,0,0,0
0,0,0,0,0,0,0
0,28.7,11.6,0,4,1,0
34.6,0,59.6,4,0,1,0
0,0,0,0,0,0,0
43.6,21.1,16,1,2,2,0
13.7,19.5,0,2,1,0,1
53.1,10.4,3.6,2,4,5,4
0,41.5,0,0,4,0,1
30.7,0,12.7,2,0,1,1
0,0,0,0,0,0,0
0,0,0,0,0,0,1
69.8,6.6,0.8,1,1,3,3
0,5.1,12.7,0,1,1,2
53.5,38.2,14.9,1,3,3,0
48.7,21.5,23.2,3,4,4,1
0,0,0,0,0,0,1
14.5,0.6,0,2,1,0,0
11.6,6.5,0,2,1,0,1
0,1,0,0,2,0,0
41.8,0,14.2,1,0,2,1
0,0,0,0,0,0,0
30.3,0,0,5,0,0,4
0,0,0,0,0,0,0
0,0,0,0,0,0,1
69.3,0.9,19.1,4,3,6,2
6.5,0.3,0,7,3,0,0
54,7.9,0,1,1,0,1
0,0,0,0,0,0,0
26.9,48.3,28,2,1,2,3
64.4,6.6,24.6,1,1,2,1
0.4,0,0,1,0,0,1
28,0,27.4,1,0,2,0
0,0,0,0,0,0,0
0,0,0,0,0,0,0
0,2.6,0,0,1,0,0
0,0,0,0,0,0,0
0,0,29.8,0,0,1,0
41.2,3.6,28.7,3,3,2,2
0,0,0,0,0,0,0
72.2,2.5,4.7,1,3,6,6
0,0,0,0,0,0,0
0,2,0,0,1,0,1
18.6,21.4,0,3,1,0,1
0,0,0,0,0,0,0
39.2,32,16.8,2,3,3,1
31.9,0,7.3,1,0,2,1
0,0,0,0,0,0,0
48.4,21.2,16.8,1,4,1,0
3.5,0,0,3,0,0,0
5.4,5.5,0,3,4,0,0
66,3.5,9.3,3,6,5,5
0,40.2,4.1,0,1,1,3
34.8,34,21.3,1,2,1,0
60.2,26,9.5,5,5,5,4
49.6,0.3,24.5,3,1,1,0
29,23.6,0,1,1,0,0
38.1,17,14.9,1,1,2,0
41.6,16.9,13,1,7,4,5
0,0,0,0,0,0,0
5,49.2,0,2,2,0,0
21.1,0,1.9,1,0,2,2
38.4,0,42.5,2,0,3,2
50.3,34.5,6.6,2,2,1,1
46.2,10.4,6.3,2,4,2,3
0,6.9,0,0,1,0,0
0,0,0,0,0,0,1
55.8,87.1,14.3,7,7,5,3
0,25,0,0,1,0,5
0,0,0,0,0,0,0
0,4.7,0,0,1,0,0
0,0,0,0,0,0,1
0,22.7,15.8,0,1,1,0
61,39.7,25.2,2,2,2,2
0,32.6,16.9,0,1,1,1
17.8,0,0,1,0,0,0
0,0,0,0,0,0,1
34.2,0,0,1,0,0,0
18.9,21.4,19.7,3,3,1,2
0,0,20.9,0,0,1,0
9.6,4.4,0,1,1,0,1
22.6,49,0,3,1,0,1
0,0,23.4,0,0,1,0
0,0,0,0,0,0,0
132.8,6.1,25.7,1,2,4,1
19.3,26.2,3,2,1,1,1
1.4,0.9,0,4,3,0,4
5.2,0,0,1,0,0,0
40.5,0,28.8,8,0,3,0
38.4,5.2,15,5,3,2,0
31.3,0,18.1,1,0,1,0
0,23.4,0,0,1,0,1
0,0,0,0,0,0,0
0,0,0,0,0,0,0
16,60.5,22.4,2,1,1,2
0,0,0,0,0,0,0
0,79,0,0,1,0,0
0,9.8,38,0,2,2,0
0,0,0,0,0,0,0
0,0,0,0,0,0,0
1.8,9.4,0,6,1,0,0
0,0,0,0,0,0,0
9.8,34.3,0,2,3,0,0
40.1,25,17.3,7,6,4,3
0,0.3,10.2,0,2,1,1
38.6,21.9,53.8,1,2,2,0
28.5,14.8,62.7,3,4,2,2
76.5,0.1,30,2,3,3,1
18.6,1.9,4.6,1,1,1,0
0,0,17.1,0,0,1,2
0,0,19.8,0,0,1,2
61.6,28.2,0.8,2,4,3,3
21.6,6.3,0,3,4,0,1
73.1,14.6,25.6,2,1,1,1
3.5,0,0,2,0,0,0
10.2,0,0,1,0,0,1
0,0,0,0,0,0,0
0,23.3,0,0,2,0,1
11.1,2.1,0,2,4,0,1
30.6,0,45.4,1,0,1,1
0,0,0,0,0,0,0
1.3,0,0,1,0,0,0
0,44,0,0,1,0,0
0,0,0,0,0,0,0
0,0,0,0,0,0,0
5.3,8.7,0,1,1,0,0
4,0,0,1,0,0,0
0.1,1,0,1,2,0,0
37.8,4.9,3.2,1,2,1,2
57.9,36,7.1,2,1,2,2
13.5,0,43.4,1,0,1,1
36.9,7,49.2,4,1,2,0
0,0,26.5,0,0,1,0
76.3,8.3,9.7,2,1,1,0
0,0,0,0,0,0,0
18.9,10,16.4,2,2,1,2
0,0,0,0,0,0,0
11.7,0,0,1,0,0,0
0,5.2,0,0,1,0,0
19.8,6.2,0,2,2,0,0
87.2,77.4,29.7,3,7,6,3
85.8,0,0,1,0,0,0
0,43.6,0,0,1,0,0
0,0,0,0,0,0,0
35.6,40.1,17.2,2,2,2,2
24.7,0,13.9,2,0,2,1
0,0,0,0,0,0,0
0,8.9,0,0,1,0,0
0,0,0,0,0,0,0
4,0.4,0,1,1,0,2
0,8.4,0,0,1,0,0
0,48.4,27.5,0,1,2,0
0,0,0,0,0,0,0
0,5.6,0,0,2,0,0
29.8,33.7,0,1,1,0,0
0,0,0,0,0,0,0
0,0,0,0,0,0,0
0,7.6,0,0,1,0,0
0,0,0,0,0,0,0
0,0,0,0,0,0,1
0,0,0,0,0,0,0
0,0,0,0,0,0,0
0,0,0,0,0,0,0
0,0,0,0,0,0,0
0,0,0,0,0,0,0
0,0,0,0,0,0,0
22.6,130.9,0,4,3,0,0
0,0,0,0,0,0,0
0,0,0,0,0,0,0
0,0,0,0,0,0,0
7.6,0,0,2,0,0,0
0,0.5,14.4,0,2,1,1
0,0,0,0,0,0,0
30.1,103.3,9.4,1,1,3,1
34.6,14.5,0,1,1,0,0
0,38.7,0,0,1,0,0
33,0,0,1,0,0,0
11.2,0,0,1,0,0,0
19.5,0,15.4,1,0,1,2
62.6,3.5,5.2,3,3,2,3
10.3,0,0,1,0,0,0
0,2.3,0,0,1,0,0
42.5,0.4,9.3,1,5,4,0
42.5,3.1,54.2,3,1,2,0
0,0,0,0,0,0,0
30.2,10.6,1.2,4,2,3,0
0,55.3,3.8,0,2,1,2
0,4.9,0,0,2,0,0
0,21.5,32.5,0,1,2,0
0,0,7.2,0,0,1,0
75.7,2,26.6,2,1,1,1
42.9,32.8,6.8,2,1,3,1
51.4,0,21,1,0,2,1
0,27.3,20.3,0,1,3,0
0,80.3,6.8,0,3,1,3
10.7,21.3,0,1,2,0,0
0,25.2,3.6,0,1,1,1
0,0,0,0,0,0,0
58.1,17.9,0,1,2,0,2
13.8,0,2.9,1,0,1,0
32.8,16.4,0,2,3,0,0
26.5,3.9,10.5,2,1,2,0
6.4,61.9,0,4,1,0,1
0,0,0,0,0,0,0
14.4,8.9,0,1,1,0,0
0,0,0,0,0,0,0
0,28.1,0,0,1,0,0
19.6,31.7,21.9,2,4,1,0
0,0,0,0,0,0,0
0,0,0,0,0,0,0
0,0,0,0,0,0,0
7.8,0,0,2,0,0,0
0,10.4,0,0,1,0,0
0,0,0,0,0,0,0
0,24.2,18.9,0,2,2,3
36.3,0,34.9,1,0,1,0
0,0,0,0,0,0,0
24.3,0,15.2,1,0,2,0
54.4,20.5,8.7,4,2,4,4
0,24.4,0,0,1,0,0
31.2,7.2,48.5,2,3,3,0
21.9,7.2,16.9,4,6,2,2
0,7.8,6.5,0,1,1,0
0,9,35.9,0,3,2,1
48.2,3.9,2,1,1,2,0
0,10.1,3.1,0,1,1,1
20,0.8,31.4,1,5,1,0
35.5,0,0,1,0,0,1
32,21.1,4.3,1,1,2,0
34.6,15.3,0,1,2,0,0
40.9,9.9,43.1,1,2,2,4
0,0,0,0,0,0,2
25.3,41.8,0.7,2,1,1,2
0,0,0,0,0,0,0
0,66.5,0.8,0,1,1,0
1.2,0,0,4,0,0,0
69.2,12.4,32.6,3,3,2,2
88.4,11,2.3,1,2,5,2
8.2,0,0,1,0,0,0
0,0,0,0,0,0,0
14.6,0,12.7,2,0,1,2
0,10.1,0,0,1,0,0
12.1,0,0,1,0,0,0
0,0,0,0,0,0,0
0,0,0,0,0,0,0
9.3,14.6,0,5,7,0,0
0,0,8.5,0,0,2,2
0,0,0,0,0,0,1
11.9,9.7,2.3,1,1,1,0
0,4,10.5,0,3,2,2
0,0,19.6,0,0,1,0
0,41.8,0,0,1,0,0
42.5,1.4,5.1,3,1,2,1
70.7,45.1,0,2,3,0,0
3.3,41.3,0,2,1,0,0
0,0,0,0,0,0,0
0,0,0,0,0,0,0
0,0,0,0,0,0,0
0,0,0,0,0,0,0
0,0,0,0,0,0,0
0,0,0,0,0,0,0
42.2,0,13.6,3,0,1,2
0,0,0,0,0,0,0
0,0,0,0,0,0,1
0,0,0,0,0,0,0
0,0,0,0,0,0,0
0,0,0,0,0,0,0
0,0,0,0,0,0,0
40.5,7.9,0,1,1,2,1
0,0,0,0,0,0,0
0,0,0,0,0,0,0
0,0,0,0,0,0,0
0,0,0,0,0,0,1
0,0,0,0,0,0,0
0,0,0,0,0,0,0
0,0,0,0,0,0,0
0,0,0,0,0,0,0
0,0,12.7,0,0,1,0
0,0,0,0,0,0,0
16.9,0,0,2,0,0,0
0,0,0,0,0,0,0
28.9,42.6,0,1,1,0,1
0,20.6,0,0,5,0,0
0,0,0,0,0,0,0
30.4,0,0,1,0,0,0
0,14.4,0,0,1,0,0
20.4,49.1,10.7,2,3,2,2
0,0,0,0,0,0,0
0,33.1,0,0,1,0,0
10.1,13,19.4,1,1,1,0
0,0,0,0,0,0,0
0,0,0,0,0,0,0
0,16.4,2.2,0,2,1,0
0,0,0,0,0,0,0
40.6,0,0,2,0,0,0
0,0,0,0,0,0,0
4.5,2.7,0,8,2,0,0
0,0,0,0,0,0,0
36.2,61.4,0.5,1,5,1,0
20,43.7,61.4,2,1,1,0
0,0,0,0,0,0,0
0,0,0,0,0,0,0
0,24.1,0,0,1,0,0
63.3,0,0,1,0,0,0
0,0,0,0,0,0,0
0,0,0,0,0,0,0
0,0,0,0,0,0,0
0,0,0,0,0,0,0
54.9,0,9.1,1,0,3,1
0,0,0,0,0,0,0
0,0,0,0,0,0,0
0,0,0,0,0,0,1
0,9.3,0,0,1,0,0
40.3,0,0,1,0,0,0
0,0,0,0,0,0,1
0,0,0,0,0,0,0
0,0,12.5,0,0,1,0
0,0,0,0,0,0,0
19.8,26.7,0,1,1,0,0
0,0,0,0,0,0,0
0,21.7,0,0,4,0,0
0,0.9,0,0,2,0,0
0,0,69.3,0,0,3,1
43.8,18.8,15.4,2,1,1,2
0,0,0,0,0,0,0
0,0,0,0,0,0,0
0,0,0,0,0,0,0
0,9.5,14.9,0,2,2,1
0,0,0,0,0,0,0
0,0,0,0,0,0,0
32,36.5,8.6,1,4,2,0
0,0,0,0,0,0,0
37.4,3.8,15.5,2,2,3,0
0,0,0,0,0,0,1
11.5,17.9,0,1,1,0,1
0,0,16,0,0,3,0
14.7,7.2,0,1,1,0,0
4.1,38.3,0,2,3,0,3
20.4,65.3,0,1,7,0,0
113.6,13.3,27.6,6,5,4,3
0,0,1.4,0,0,1,0
10.9,10.4,0,1,2,0,0
23.4,8.7,27.6,5,3,2,2
0,0,0,0,0,0,0
0,0,0,0,0,0,0
22.5,22.5,0.4,3,2,2,1
61.8,20.3,28.3,2,4,6,1
76,64.9,11,6,5,5,1
27.3,1.1,57.5,2,1,1,0
10.4,2,0,1,3,0,1
0,0,0,0,0,0,0
1.2,0,0,2,0,0,0
66.9,42.1,0,3,3,0,0
23.3,13,0,1,1,0,0
21.9,12.7,14.4,3,2,2,0
86.1,2.2,20.7,5,3,5,3
31.7,8.1,1.6,2,1,1,0
1.8,20.8,0,1,1,0,0
33.8,0,0,2,0,0,1
0,0,0,0,0,0,0
0,5.2,0,0,3,0,0
6.8,0,0,1,0,0,1
159.2,3,8.2,2,3,3,0
28.9,10.4,0,1,1,0,0
0,0,0,0,0,0,0
46.2,23.6,3.6,1,1,1,2
57.2,1.5,33.6,4,3,4,4
0,0,0,0,0,0,0
0,0,0,0,0,0,0
15.4,3.4,7.5,3,2,1,0
0,0,0,0,0,0,0
20.6,0,0,1,0,0,0
0,0,0,0,0,0,0
0,0,0,0,0,0,1
0,3.2,50.7,0,3,1,1
0,0,0,0,0,0,0
0,0,0,0,0,0,0
0,0,0,0,0,0,0
0,0,0,0,0,0,0
0,0,0,0,0,0,0
0,0,0,0,0,0,0
0,0,6.4,0,0,1,0
77.4,31.6,0,1,3,0,0
0.8,0,0,2,0,0,0
0,0,0,0,0,0,0
68.8,0,20.4,1,0,1,0
16.8,35.5,6.8,2,3,1,0
0,0,0,0,0,0,0
71.6,25.8,59.6,3,4,4,1
0,0,0,0,0,0,0
0,1.8,0,0,1,0,0
1.4,0,0,1,0,0,0
0,0,0,0,0,0,0
0,0,0,0,0,0,0
14.4,11.4,12.2,2,1,1,0
0,0,0,0,0,0,0
0,0,0,0,0,0,1
32.1,0,0,2,0,0,0
0,0,0,0,0,0,0
0,11.3,0,0,2,0,0
0,0,0,0,0,0,0
30,17.7,21.2,2,2,2,0
0,6.3,20.9,0,1,3,5
0,0,0,0,0,0,0
1.5,0,0,1,0,0,0
11.5,5.5,0,2,1,0,0
16.9,0,0,2,0,0,0
0,0,0,0,0,0,0
35,0,0,1,0,0,0
74.7,3.3,14.8,6,3,7,6
10.4,0,5.7,1,0,1,4
0,0,0,0,0,0,0
6.7,0,0,1,0,0,0
0,0,0,0,0,0,2
32.1,2,24.6,3,2,1,1
0,0,0,0,0,0,0
0,0,0,0,0,0,0
0.2,0,0,1,0,0,1
0,0,2.8,0,0,3,0
66.6,13.3,14.3,1,3,4,1
0,0,0,0,0,0,0
80.8,9.6,1.6,1,2,2,1
0,0,0,0,0,0,0
11.6,5,0,2,1,0,2
0,0,0,0,0,0,0
9.1,0,0,2,0,0,0
0.2,0,0,3,0,0,1
0,0,0,0,0,0,0
33.9,4.2,4.2,2,1,2,1
10.1,23.9,8.5,6,2,1,1
0,0,0,0,0,0,0
0,0,0,0,0,0,1
0,0,0,0,0,0,0
115.1,26.8,2.4,3,1,7,4
0,0,43.7,0,0,1,0
41.4,27.2,0,1,2,0,1
78.7,29.3,11.2,5,3,2,2
0,8.6,0,0,3,0,1
28.2,24.6,45,4,2,1,1
0,0,0,0,0,0,0
0,0,5.3,0,0,3,0
47.2,18.8,0,6,7,0,3
1,14.9,0,1,1,0,1
184.9,8.2,4.7,8,4,6,4
57.3,0,0,1,0,0,0
15.1,0,0,2,0,0,0
0,0,0,0,0,0,0
30.3,0,0,1,0,0,0
1.7,3.1,0,3,2,0,1
0,0,0,0,0,0,0
27,1.2,5,3,4,1,3
0,0,0,0,0,0,0
76.2,0,9.6,1,0,2,0
37.5,0,0,2,0,0,1
0,36.5,1.5,0,5,3,0
3.4,34.4,0,2,1,0,0
0,0,5.9,0,0,1,1
0,19.6,0,0,1,0,0
0,0,0,0,0,0,0
1.9,39,0,1,2,0,0
1.8,10.1,0,1,5,0,0
0,0,0,0,0,0,0
0,0,0,0,0,0,1
7.5,43.8,0,1,1,0,0
29.9,56.3,2.6,2,1,1,1
0,74,0.7,0,2,3,0
9.5,2.2,0,2,2,0,1
0,6.3,23.6,0,1,1,0
0,16.1,0,0,1,0,0
0,24.7,0,0,2,0,0
91.5,14.8,6.7,4,10,8,4
0,0,0,0,0,0,0
0,0,0,0,0,0,0
0,0,0,0,0,0,0
0,0,0,0,0,0,0
11.1,0,0,1,0,0,0
63.7,6.2,11.5,4,4,5,0
0,0,0,0,0,0,0
0,0,0,0,0,0,0
0,0,0,0,0,0,0
50.4,21.8,39.8,2,4,5,3
0,0,0,0,0,0,0
0,0,0,0,0,0,0
0,11.2,0,0,1,0,1
0,16.1,0,0,2,0,1
0,0,0,0,0,0,0
0,0,0,0,0,0,0
0,0,0,0,0,0,0
15.8,0,0,2,0,0,0
0,0,0,0,0,0,0
29.6,0,0,3,0,0,0
0,0,0,0,0,0,0
83,79.3,60.7,2,3,2,0
23.7,7.7,53.2,1,2,1,1
0,0,0,0,0,0,0
0,0,0,0,0,0,1
71.3,73.4,2.1,2,1,3,2
31.3,9.3,8.3,4,3,2,2
6.8,40.5,0,3,1,0,1
93.5,0,5.3,1,0,1,0
18.9,4.9,13,2,1,1,0
21.9,2,25.9,9,7,1,1
24.5,0,1.7,1,0,1,0
0,0,0,0,0,0,0
6.5,0,0,2,0,0,1
0,0,0,0,0,0,0
0,4.9,15.8,0,1,1,1
0,0,0,0,0,0,0
0,0.4,0,0,2,0,0
98.6,14.8,0,3,1,0,0
0,0,0,0,0,0,0
0,0,0,0,0,0,0
15.8,0,8.2,3,0,1,2
34,0,0,2,0,0,0
12.6,0.5,0,3,1,0,0
0,28.9,20.6,0,2,2,1
0,0,0,0,0,0,0
22.4,6.8,19.1,2,1,1,0
8.6,16.2,0,1,2,0,2
27.5,0,0,3,0,0,0
14.2,0,32.2,1,0,1,0
82.8,18.6,2.9,4,6,6,1
0,0,18.5,0,0,1,0
32.8,16.3,6.8,2,1,1,1
12,4.7,1.9,1,2,1,1
0,1.6,0,0,1,0,0
24.6,0,0,1,0,0,0
25.3,52.5,91.8,1,1,2,0
0,11.4,0,0,2,0,2
7.2,45.4,0,2,3,0,0
0.3,0,0,1,0,0,0
0,0,0,0,0,0,0
60.9,39.1,4.6,2,1,3,2
60.5,1.6,8.2,4,5,2,0
0,0,0,0,0,0,0
56.3,6.5,10.4,4,7,1,2
28.3,75.2,0,3,1,0,1
41.1,3.3,21.2,2,2,2,2
0,0,0,0,0,0,0
47.6,103.1,15.5,6,6,3,5
16.2,0,0,2,0,0,0
2.2,0.6,0,1,1,0,0
0,0,0,0,0,0,0
0,29.4,0.5,0,9,1,0
30.8,2.6,37.6,4,6,2,1
9.6,5,0,1,1,0,1
0.6,0,0,3,0,0,0
0,0,0,0,0,0,0
0,0,0,0,0,0,0
48,0,7.5,1,0,2,0
0,0,0,0,0,0,0
0,0,2.4,0,0,1,0
16.7,0,0,1,0,0,0
0,0,0,0,0,0,0
0,0,0,0,0,0,0
0,0,0,0,0,0,0
2.3,1.1,0,1,1,0,0
0,0,0,0,0,0,0
0,0,0,0,0,0,0
5.6,21.6,0,1,1,0,0
0,0,0,0,0,0,0
0,7.7,0,0,1,0,0
0,0,0,0,0,0,0
15.3,0,0,3,0,0,0
0,0,0,0,0,0,0
0,0,0,0,0,0,0
37.3,35.2,31.2,2,1,1,0
28,27.1,0,3,1,0,0
0,0,0,0,0,0,1
3.7,0,0,2,0,0,0
0,0,0,0,0,0,0
0,0,0,0,0,0,0
37.1,0,0.9,1,0,3,0
0,0,0.8,0,0,1,1
0,0,0,0,0,0,0
2.7,0,0,3,0,0,0
39.2,0,0,5,0,0,0
1.1,31.5,0,1,1,0,0
0.8,0,0,1,0,0,0
19.1,0,27.8,1,0,1,0
11,0.9,0,3,1,0,2
0,0,0,0,0,0,0
3.6,0,0,4,0,0,0
0,0,0,0,0,0,0
20.6,1.2,4.2,4,2,2,1
116.8,5.2,18.1,10,6,10,8
21.6,0,25.2,3,0,2,4
66.6,24.4,8.6,3,2,1,2
10.7,0,2.1,1,0,1,0
0,0,0,0,0,0,0
0,8.8,0,0,1,0,1
0,0,0,0,0,0,0
0,45,15.1,0,2,1,3
40.1,0,0,2,0,0,0
63.9,3.4,68.8,5,5,5,5
32,4.1,12.9,4,6,2,1
0,0,0,0,0,0,0
0,0,0,0,0,0,0
0,0,3,0,0,2,1
0,0,0,0,0,0,0
6.6,18.4,0,2,1,0,0
0,0,0,0,0,0,0
0,0,3.5,0,0,3,3
46,0,26.3,4,0,4,5
0,0,0,0,0,0,0
18.3,5.5,6.1,1,1,1,0
0,0,0,0,0,0,0
0,0,0,0,0,0,0
34.4,26.6,11.5,1,1,2,0
1,20.1,0,9,2,0,0
21.5,21,3.7,3,2,2,3
42.9,57.8,10.3,1,1,2,1
52.6,40.1,82.6,5,2,2,2
23.8,19.3,18,2,2,2,0
8.9,19.3,0,1,6,0,0
44.7,0.5,0,2,1,0,0
14.9,1.5,21.6,1,1,1,1
10.2,18.1,9.3,7,7,1,4
45.7,14.8,5.8,1,1,2,0
25.5,16.6,12.3,2,3,1,1
0,0,0,0,0,0,0
25.3,19.4,1.1,4,1,1,0
54.2,2.2,16.2,2,4,4,3
5.2,25.8,0,7,3,0,0
51.2,8.9,0,2,1,0,1
28.9,39.2,21,4,4,2,1
0,0,0,0,0,0,0
0,0,0,0,0,0,0
0,0,0,0,0,0,0
2.1,0,0,1,0,0,0
0,0,0,0,0,0,0
0,0,0,0,0,0,0
0,0,0,0,0,0,2
93.7,2.8,72.6,1,3,6,2
0,0,0,0,0,0,0
94.1,18,15.8,4,6,3,2
0,0,0,0,0,0,0
0,0,3.2,0,0,1,0
0.4,62,0,1,2,0,1
0,0,0,0,0,0,0
51.7,0,4.9,1,0,1,0
45.4,17.1,35.6,1,2,3,1
45.1,0,0,1,0,0,1
112.8,61.8,24.1,4,2,3,2
0,23.1,0,0,2,0,0
0,6,0,0,2,0,0
0,11.2,10.1,0,1,2,0
0,0,0,0,0,0,0
41.8,0,28.9,1,0,1,0
14,68.1,18.1,2,2,1,0
0,0,0,0,0,0,0
0,0,11.5,0,0,1,0
12.7,30.6,0,2,1,0,0
0,0,0,0,0,0,0
39.5,18.9,4.1,3,3,3,2
0,0,0,0,0,0,0
0,0,0,0,0,0,0
0,0,0,0,0,0,0
0,0,0,0,0,0,0
0,0,0,0,0,0,0
0,0,0,0,0,0,0
0,0,0,0,0,0,0
0,0,0,0,0,0,0
0,0,0,0,0,0,0
0,0,0,0,0,0,1
21.6,2,37,5,4,2,0
11.3,33.9,0,1,3,0,4
0,0,22.2,0,0,1,0
0,0,52.5,0,0,1,0
16.9,0,0,1,0,0,0
0,0,0,0,0,0,0
0,25.9,9.5,0,1,2,4
0,0,0,0,0,0,0
38.3,88.3,1.4,2,2,2,3
0,0,0,0,0,0,0
0,0,11,0,0,2,1
25.7,13.3,0,1,1,0,1
3.2,27.5,0,6,1,0,1
15.1,0,0,2,0,0,0
0,0,0,0,0,0,0
0,0,0,0,0,0,1
42.3,21.2,29.6,5,4,4,2
0,0,29.8,0,0,2,0
0,0,0,0,0,0,0
0,0,0,0,0,0,0
0,0,0,0,0,0,2
3.9,0,0,2,0,0,1
0,0,0,0,0,0,0
0,0,29,0,0,1,0
0,0,17.8,0,0,1,0
0,0,0,0,0,0,0
0,28.7,0,0,3,0,0
0,0,0,0,0,0,0
54.5,17.5,10.7,2,5,1,0
0,0,0,0,0,0,0
0,8.9,0,0,1,0,3
22.8,7.8,12.8,3,1,1,1
38.8,2.2,7.7,1,2,1,0
0,81.2,0,0,2,0,1
0,0,0,0,0,0,0
69.5,3,5.4,2,2,1,1
0,0,0,0,0,0,0
33.6,0,0,1,0,0,0
56.7,69.2,29.2,1,2,4,1
23.6,28.2,0,5,4,2,2
0,2.7,0,0,1,0,1
22.4,0,0,1,0,0,0
13.9,58.3,0,1,1,0,0
47.1,45.6,4.1,4,4,3,3
20,6.6,14.7,2,3,1,3
10.3,13.5,0,1,2,0,1
0,0,0,0,0,0,0
0,0,30,0,0,2,1
19.8,56.3,0,1,1,0,1
18.9,0,20.4,2,0,1,0
0,0,0,0,0,0,0
0,3.6,7.4,0,2,1,0
111.2,0.7,4.5,3,2,1,0
0,12,28.9,0,1,2,0
0,0,0,0,0,0,0
25,0.3,16.3,2,1,2,0
0,53.2,0,0,4,0,0
0,0,16.3,0,0,1,1
25.9,0,5.5,2,0,1,1
0,0,0,0,0,0,0
68.4,8.2,6,3,4,3,1
11,81,53.4,2,3,1,2
53.5,1.3,15.3,4,2,4,5
0,0,0,0,0,0,0
0,0,0,0,0,0,0
0,0,8.8,0,0,1,0
0,0,0,0,0,0,0
89.8,11.2,5.7,5,7,4,3
123.9,20.9,6,1,2,1,2
0,4,0,0,2,0,1
0,0,0,0,0,0,0
27.1,44.3,0.6,1,3,1,1
0,54.1,0,0,2,0,1
54.5,1.2,23.3,10,6,5,3
0,0,14.1,0,0,1,0
25.6,0,5.4,1,0,1,0
1.8,0,0,1,0,0,1
11.8,6.8,0,1,1,0,1
0,0,37.4,0,0,1,1
13.2,61.2,21.5,2,5,1,3
74.8,23.1,29.9,1,1,3,2
0,0,0,0,0,0,0
41,10.2,74.2,3,5,4,7
0,0,0,0,0,0,0
18.4,28.4,8.1,3,1,1,0
2.5,33.5,0,2,2,0,1
55.1,0,25.6,1,0,4,0
28.8,0,0,1,0,0,0
0,6,0,0,1,0,0
31.7,4.2,27.8,1,4,1,0
32.5,12.6,13.1,7,4,2,0
35.8,0,0,1,0,0,0
18,19.5,0,1,2,0,2
23.6,0,0,1,0,0,0
75.4,12.9,2.6,3,1,5,5
71.1,1.9,0,2,3,0,0
56.8,21.3,0,4,2,0,0
69.6,8.5,8.7,5,1,3,0
0,0,0,0,0,0,0
52.3,16.3,2.5,7,8,4,1
11.3,0,0,2,0,0,0
0,0,0,0,0,0,0
62.1,11.8,0.1,4,3,4,1
0,0,0,0,0,0,0
0.2,0.7,0,2,3,0,0
46,1.3,1.3,4,7,3,2
0,10.7,31.6,0,1,2,2
0,25.9,0,8,6,0,1
0,2.4,0,0,1,0,2
88.9,12.1,16.4,2,3,2,2
79.8,78.2,3.9,4,5,5,4
55.4,2.6,2.5,7,7,5,3
0,7.8,0.5,0,1,1,4
40.6,0,34.9,1,0,3,0
0,0,0,0,0,0,0
60,5,51.6,2,2,5,3
0,0,74.6,0,0,1,0
5.4,0,0,3,0,0,0
43.2,4.8,33.9,3,1,3,1
47.6,0,0,1,0,0,0
40.1,0,0,1,0,0,0
29.6,0.8,41.7,1,3,2,2
0,0,0,0,0,0,0
69.1,27.9,0,4,1,0,0
48.1,27.6,64.9,1,3,2,2
0,32.4,0,0,1,0,0
0,14.7,25.9,0,5,1,0
0,0,0,0,0,0,0
13.9,29.5,8.9,1,1,1,0
1.1,0,0,1,0,0,0
0,0,0,0,0,0,0
20.2,10.4,24.1,1,4,2,4
22.2,1.7,47.9,1,1,2,1
4.3,0,0,4,0,0,0
12.3,0,16.9,1,0,1,1
14.7,22.2,0,1,1,0,0
0,0,0,0,0,0,0
31.4,0.3,3.6,1,2,2,0
59.3,0,43.1,3,0,5,1
12.8,0,0,1,0,0,0
0,0,0,0,0,0,0
0,0,0,0,0,0,0
34.1,41.1,1.8,2,1,2,3
17.6,14.2,0,1,2,0,0
7.1,0,0,1,0,0,0
0,0,0,0,0,0,0
0,11.3,17.2,0,2,2,1
0,0,29.1,0,0,1,0
23.3,58,1.8,2,3,2,3
0,0,0,0,0,0,1
0,0,2.3,0,0,1,0
107.1,0,29.7,8,0,10,6
0,0,0,0,0,0,0
15.6,0,11.5,1,0,1,0
0,0,0,0,0,0,0
0,0,0,0,0,0,0
6.6,0,0,2,0,0,1
0,0,2.5,0,0,2,0
96.1,13,7.9,7,5,4,5
0,0,0,0,0,0,0
0,0,0,0,0,0,1
8.4,0,0,1,0,0,0
0,11.8,13.2,0,1,1,1
31,10.2,0,3,2,0,0
68.8,38.2,22.2,9,8,4,5
27.8,0,2.8,2,0,2,2
33.8,22.2,0,2,1,0,0
11.9,0,17.3,1,0,1,1
0,1.8,0,0,3,0,2
0,0,0,0,0,0,0
7.1,0,0,2,0,0,0
8.6,15.3,0,1,1,0,0
0,19.5,0,0,1,0,1
4.2,0,0,1,0,0,0
21.7,4.8,0,2,1,0,1
32.1,1.4,0,1,3,0,0
4.5,0.6,0,1,1,0,0
0,0,0,0,0,0,0
0,0,0,0,0,0,0
32.5,7.5,0,2,1,0,1
0.4,2.7,0,2,2,0,0
0,0,0,0,0,0,0
0,0,38,0,0,1,0
84.3,21.8,1.9,6,2,6,4
14.3,76.9,9.9,1,1,1,0
0,0,0,0,0,0,0
8.2,27.2,0,4,2,0,0
66.8,0,25.1,2,0,3,2
30,0.5,0.1,3,1,1,2
21.3,38.2,8.4,3,2,2,2
35.4,15.1,11.3,4,4,2,0
0,14.4,3.4,0,1,1,0
0,0,0,0,0,0,0
0,0,0,0,0,0,0
18.7,0,11.3,1,0,1,0
38.8,14.8,16.1,1,1,3,1
0,0,0,0,0,0,2
0,0,0,0,0,0,0
0,11.4,0,0,1,0,0
0,0,0,0,0,0,0
2,27.5,0,1,1,0,0
0,0,0,0,0,0,0
0,0,0,0,0,0,0
23.6,15.4,20.5,6,1,2,2
49.9,23.7,44.3,1,2,1,0
11.3,0,14.3,2,0,1,0
0,0,0,0,0,0,0
0,0,0,0,0,0,0
0,0,0,0,0,0,0
0,0,0,0,0,0,0
5.3,9.4,0,1,2,0,0
30.3,10.5,0,4,3,0,2
0,0,0,0,0,0,0
0,0,0,0,0,0,1
0,0,0,0,0,0,0
24,0,0,3,0,0,0
2.9,0,0,2,0,0,0
0,0,0,0,0,0,0
10.2,0,0,1,0,0,0
0,0,0,0,0,0,0
0,0,0,0,0,0,0
23.8,32.5,52.4,1,1,2,1
10.7,19.8,0,3,1,0,0
0,0,0,0,0,0,0
0,0,19.6,0,0,2,1
3.9,63.3,0,2,1,0,2
0,4,0,0,2,0,3
0,0,60.4,0,0,1,1
0,0,29.2,0,0,1,0
20.1,0,0,1,0,0,0
0,33.2,5.7,0,1,1,1
48.3,0,0,1,0,0,0
0,0,0,0,0,0,0
0,32.4,18.4,0,1,1,0
10.8,0.3,4,3,2,1,2
25.6,0.3,17.5,4,2,1,1
78,20.9,0,1,1,0,0
59.9,6.5,0.6,2,3,4,5
52.9,0,19,2,0,1,1
39.4,10.8,0,1,1,0,0
53.8,1.6,37.2,5,5,3,3
97.9,16.4,50,3,2,3,2
0,0,0,0,0,0,0
0,16.6,0,0,3,0,0
0,0,0,0,0,0,0
0,0,0,0,0,0,0
0,0,15.4,0,0,1,1
34.1,22.4,25.4,2,2,2,1
0,5.7,0,0,1,0,0
0.9,27.1,0,2,1,0,0
0,13,0,0,1,0,0
18.4,29.5,7,1,2,1,1
30.6,0.1,0,1,1,0,2
0,0,0,0,0,0,0
0,0,0,0,0,0,0
21.4,14.4,6.8,2,3,2,0
0,42.6,3,0,4,1,1
0,24.7,34.5,0,3,1,0
38,8.3,19,3,3,2,2
51.2,20.2,51.1,4,5,5,3
0,0,0,0,0,0,0
0,29.4,0,0,3,0,0
91.5,14.5,25.4,3,2,2,0
62.2,3.6,4.4,3,4,6,4
24.9,0,0,2,0,0,0
7.4,1.1,0,3,2,0,0
0,8.4,5.2,0,1,1,1
0,0,0,0,0,0,0
0,0,42.8,0,0,1,2
0,0,0,0,0,0,0
0,0,0,0,0,0,0
0,4.2,9.2,0,1,1,1
13.8,0,0,2,0,0,0
0,37.1,19.1,0,1,1,0
0,0,5.4,0,0,1,0
59.1,1,0,2,2,0,0
14,0,31.9,1,0,1,1
0,0,0,0,0,0,1
0,0,0,0,0,0,0
80.9,0,0,1,0,0,1
0,0,0,0,0,0,1
68.6,0.2,0,4,1,0,1
0,0,0,0,0,0,0
78.2,18.8,62.4,2,1,2,0
0,0,0,0,0,0,1
0,0,0,0,0,0,0
0,0,0,0,0,0,0
66,0,0,1,0,0,0
0,0,0,0,0,0,0
0,0,0,0,0,0,0
30.8,15.1,4,1,2,3,1
4.5,10.2,0,1,1,0,2
0,27.2,112,0,2,2,1
0,0,0,0,0,0,0
24.8,0,18.6,1,0,1,2
0,0,0,0,0,0,0
6.4,0,0,2,0,0,0
0,0,0,0,0,0,1
0,0,0,0,0,0,0
0,60.2,0,0,1,0,0
0,34.2,0,0,1,0,1
30.9,0,8.7,1,0,1,1
42.4,0,0,1,0,0,1
0,0,0,0,0,0,0
33.4,12,0.3,1,2,2,2
19.1,0,22.2,3,0,1,4
0,0,5.6,0,0,1,2
31.1,17,16.8,2,5,3,0
57,10.6,0,3,1,0,3
0,0,0,0,0,0,0
0,36.2,0,0,1,0,0
0,0,0,0,0,0,0
0,6.5,32.4,0,2,2,1
0,0,0,0,0,0,0
0,17.8,8.6,0,2,1,1
0,0.6,0,0,1,0,0
0,0,0,0,0,0,0
0,0,0,0,0,0,0
0,0,0,0,0,0,0
0,0,0,0,0,0,0
0,0,0,0,0,0,0
83.6,0,69.6,3,0,2,1
0,0,0,0,0,0,0
54.1,5.2,10.5,1,2,2,0
0,0,0,0,0,0,0
0,0,0,0,0,0,0
0,0,0,0,0,0,0
63.2,0,64.2,1,0,1,0
60.8,64.6,47.8,5,3,2,4
0,3.7,0,0,1,0,0
0,0,0,0,0,0,0
10.2,0,53.9,1,0,1,0
0,0,0,0,0,0,0
37.7,7.8,0,1,1,0,1
0,0,0,0,0,0,0
0,0,0,0,0,0,0
0,0,0,0,0,0,1
56.3,45.5,4.3,2,5,5,0
12.7,0,11.7,1,0,1,1
0,0,0,0,0,0,0
61.5,0,3.3,1,0,3,1
23,0,60.3,6,0,1,1
1.3,0,0,1,0,0,0
31.9,11.7,22.4,1,2,3,1
40.1,3.2,22.3,4,4,2,3
0,0,0,0,0,0,0
0,0,0,0,0,0,0
12.4,0,0,1,0,0,1
17.9,9.1,0,3,1,0,0
0,0,19.5,0,0,3,2
0,0,0,0,0,0,0
53.7,25.9,7.3,3,1,2,1
0,0,0,0,0,0,1
13.3,0,0,1,0,0,0
10.5,41.7,2.9,1,1,1,1
0,0,0,0,0,0,0
0,16.1,0,0,4,0,0
0,0,0,0,0,0,0
0,44.9,0,0,1,0,1
34.7,22.4,0,2,2,0,0
0,57.6,15.9,0,1,1,0
0,0,0,0,0,0,0
0,28.2,2.3,0,1,1,0
0,0,0,0,0,0,0
11.9,0,0,1,0,0,0
0,0,0,0,0,0,0
0,0,0,0,0,0,0
63.2,64.3,0,1,2,0,1
1.9,0,0,1,0,0,0
117.1,0,19,1,0,2,1
0,0,0,0,0,0,0
0,2.7,0,0,1,0,1
0,0,0,0,0,0,1
16.9,0,0,1,0,0,0
36.7,0,0,1,0,0,0
0,4.9,10.5,0,4,1,0
0,59.3,52,0,1,2,0
0,31.3,6.5,0,1,1,1
0,0,7.2,0,0,3,1
0,4.6,23.8,0,1,1,0
15.6,0,0.1,1,0,1,1
68.6,0,0,3,0,0,0
108.6,3.3,0.2,2,1,2,1
52.1,16.8,5.3,8,4,3,3
0,0,0,0,0,0,0
86.2,11.3,13.1,3,4,4,3
0,11,15.6,0,1,1,1
17.7,0,14.3,3,0,1,0
0,0,0,0,0,0,0
33.5,4,0,2,2,0,1
0,0,0,0,0,0,0
0,0,0,0,0,0,0
45.8,36.4,59.1,1,3,4,3
30.5,6.7,0.3,3,5,2,2
5.3,1.2,0,1,1,0,0
2.2,6.3,0,3,1,0,0
0,1.6,89.6,0,4,3,0
21.5,0,84.8,1,0,1,0
54.9,1.3,7.9,1,3,1,3
21.4,12,0,3,1,0,0
0,0,0,0,0,0,0
0,0,0,0,0,0,0
0,0,0,0,0,0,0
0,24.4,0,0,2,0,0
0,0,0,0,0,0,0
24.1,28.6,31.4,2,2,2,0
0,0,0,0,0,0,0
0,0,37.4,0,0,1,1
0,0,18.9,0,0,1,0
4.9,0,0,3,0,0,0
14.3,43.5,0,5,2,0,0
0,0,0,0,0,0,0
95.7,8.1,35.8,1,2,2,0
97.4,0.4,10.4,7,7,9,7
39.1,6,11.9,1,1,3,2
40.3,3.5,32.1,4,6,2,0
34.6,6.9,20.9,3,2,2,1
108.1,7.7,54.5,5,3,5,0
0,0,0,0,0,0,0
0,0,0,0,0,0,0
3.5,0,0,1,0,0,0
39.7,0,10,2,0,2,3
0,0,0,0,0,0,0
31.6,41.8,9.6,2,4,2,2
0,22.2,0,0,1,0,0
59.1,3.9,28,2,3,4,1
42.8,38,9.1,1,1,2,1
0,4.4,14.8,0,1,2,0
40.2,10.8,0,4,1,0,1
66.6,31.8,0,4,3,0,1
24.2,6.3,30.4,5,3,2,0
0,0,34.4,0,0,1,0
0,18.4,17.4,0,1,1,0
0,0,0,0,0,0,0
0,0,0,0,0,0,0
34.9,22.6,15.2,2,3,1,1
36.7,3.9,8.5,3,5,1,0
20.6,34.1,12.8,1,2,1,1
0,0,0,0,0,0,0
0,0,0,0,0,0,0
7.1,0,0,1,0,0,0
9.3,26.4,0,2,2,0,1
0,0,0,0,0,0,0
0,0,0,0,0,0,0
22.4,1.4,0,3,2,0,1
0,6.2,0,0,3,0,0
11.5,11.1,8.5,1,1,1,1
19.5,0,0,2,0,0,0
3.4,0,0,1,0,0,0
12.2,0,1.1,2,0,1,0
17.5,2,0,2,4,0,2
0,0,0,0,0,0,0
9.9,1.8,0,1,3,0,0
7.9,7.6,0,2,1,0,0
0,0,0,0,0,0,0
20.9,0.4,32.1,2,4,1,1
0,0,0,0,0,0,0
